Province_State,week,retail_and_recreation_percent_change_from_baseline
Alabama,2020-W07,1.9380530973451326
Alabama,2020-W08,-0.4398034398034398
Alabama,2020-W09,13.738805970149254
Alabama,2020-W10,13.145
Alabama,2020-W11,8.69059405940594
Alabama,2020-W12,-16.86682808716707
Alabama,2020-W13,-28.014423076923077
Alabama,2020-W14,-30.548693586698338
Alabama,2020-W15,-38.40890688259109
Alabama,2020-W16,-25.94736842105263
Alabama,2020-W17,-22.548780487804876
Alabama,2020-W18,-14.08230452674897
Alabama,2020-W19,-9.683127572016462
Alabama,2020-W20,-5.950943396226415
Alabama,2020-W21,-2.595667870036101
Alabama,2020-W22,-5.7178571428571425
Alabama,2020-W23,-0.16606498194945848
Alabama,2020-W24,-1.7877697841726619
Alabama,2020-W25,0.420863309352518
Alabama,2020-W26,-3.8718861209964412
Alabama,2020-W27,-2.6823104693140793
Alabama,2020-W28,-3.8530465949820787
Alabama,2020-W29,-3.867857142857143
Alabama,2020-W30,-5.821428571428571
Alabama,2020-W31,-3.8741007194244603
Alabama,2020-W32,-2.3440860215053765
Alabama,2020-W33,-5.75177304964539
Alabama,2020-W34,-10.675925925925926
Alabama,2020-W35,-13.601851851851851
Alabama,2020-W36,-7.359223300970874
Alabama,2020-W37,-8.770491803278688
Alabama,2020-W38,-9.557142857142857
Alabama,2020-W39,-8.4822695035461
Alabama,2020-W40,-3.8884892086330933
Alabama,2020-W41,-8.664285714285715
Alabama,2020-W42,-6.98576512455516
Alabama,2020-W43,-9.443262411347519
Alabama,2020-W44,-6.719858156028369
Alabama,2020-W45,-4.795698924731183
Alabama,2020-W46,-8.20494699646643
Alabama,2020-W47,-8.28014184397163
Alabama,2020-W48,-18.526315789473685
Alabama,2020-W49,-6.825622775800712
Alabama,2020-W50,-8.24468085106383
Alabama,2020-W51,-6.574468085106383
Alabama,2020-W52,-14.974545454545455
Alabama,2020-W53,0.5424836601307189
Alaska,2020-W07,8.1875
Alaska,2020-W08,0.9642857142857143
Alaska,2020-W09,7.910714285714286
Alaska,2020-W10,10.446428571428571
Alaska,2020-W11,9.125
Alaska,2020-W12,-19.05263157894737
Alaska,2020-W13,-40.982142857142854
Alaska,2020-W14,-40.375
Alaska,2020-W15,-38.55882352941177
Alaska,2020-W16,-27.147058823529413
Alaska,2020-W17,-20.676470588235293
Alaska,2020-W18,-9.272727272727273
Alaska,2020-W19,-2.4545454545454546
Alaska,2020-W20,0.5263157894736842
Alaska,2020-W21,3.2142857142857144
Alaska,2020-W22,4.690476190476191
Alaska,2020-W23,11.738095238095237
Alaska,2020-W24,14.047619047619047
Alaska,2020-W25,14.523809523809524
Alaska,2020-W26,14.404761904761905
Alaska,2020-W27,20.785714285714285
Alaska,2020-W28,19.833333333333332
Alaska,2020-W29,23.69047619047619
Alaska,2020-W30,23.666666666666668
Alaska,2020-W31,21.714285714285715
Alaska,2020-W32,16.61904761904762
Alaska,2020-W33,15.285714285714286
Alaska,2020-W34,0.07142857142857142
Alaska,2020-W35,-2.857142857142857
Alaska,2020-W36,0.42857142857142855
Alaska,2020-W37,3.6153846153846154
Alaska,2020-W38,4.142857142857143
Alaska,2020-W39,1.0714285714285714
Alaska,2020-W40,1.7857142857142858
Alaska,2020-W41,-1.0
Alaska,2020-W42,-3.0952380952380953
Alaska,2020-W43,-5.190476190476191
Alaska,2020-W44,-6.439024390243903
Alaska,2020-W45,-11.097560975609756
Alaska,2020-W46,-10.761904761904763
Alaska,2020-W47,-14.536585365853659
Alaska,2020-W48,-21.30952380952381
Alaska,2020-W49,-12.738095238095237
Alaska,2020-W50,-12.238095238095237
Alaska,2020-W51,-8.512195121951219
Alaska,2020-W52,-16.153846153846153
Alaska,2020-W53,-5.217391304347826
Arizona,2020-W07,7.9
Arizona,2020-W08,2.8333333333333335
Arizona,2020-W09,8.047169811320755
Arizona,2020-W10,9.462962962962964
Arizona,2020-W11,6.12037037037037
Arizona,2020-W12,-19.945454545454545
Arizona,2020-W13,-36.236363636363635
Arizona,2020-W14,-38.6605504587156
Arizona,2020-W15,-41.94117647058823
Arizona,2020-W16,-35.38834951456311
Arizona,2020-W17,-32.50485436893204
Arizona,2020-W18,-27.40776699029126
Arizona,2020-W19,-24.08823529411765
Arizona,2020-W20,-20.134615384615383
Arizona,2020-W21,-12.41904761904762
Arizona,2020-W22,-14.771428571428572
Arizona,2020-W23,-12.019047619047619
Arizona,2020-W24,-11.60952380952381
Arizona,2020-W25,-14.304761904761905
Arizona,2020-W26,-15.971428571428572
Arizona,2020-W27,-15.2
Arizona,2020-W28,-17.01904761904762
Arizona,2020-W29,-16.476190476190474
Arizona,2020-W30,-16.276190476190475
Arizona,2020-W31,-15.657142857142857
Arizona,2020-W32,-15.428571428571429
Arizona,2020-W33,-16.771428571428572
Arizona,2020-W34,-18.597014925373134
Arizona,2020-W35,-18.313432835820894
Arizona,2020-W36,-13.611940298507463
Arizona,2020-W37,-15.185185185185185
Arizona,2020-W38,-14.142857142857142
Arizona,2020-W39,-16.047619047619047
Arizona,2020-W40,-14.428571428571429
Arizona,2020-W41,-12.495238095238095
Arizona,2020-W42,-13.552380952380952
Arizona,2020-W43,-14.361904761904762
Arizona,2020-W44,-15.047619047619047
Arizona,2020-W45,-14.971428571428572
Arizona,2020-W46,-15.314285714285715
Arizona,2020-W47,-16.590476190476192
Arizona,2020-W48,-19.533333333333335
Arizona,2020-W49,-17.066666666666666
Arizona,2020-W50,-19.114285714285714
Arizona,2020-W51,-16.16190476190476
Arizona,2020-W52,-20.523809523809526
Arizona,2020-W53,-6.6
Arkansas,2020-W07,3.0252100840336134
Arkansas,2020-W08,0.2863741339491917
Arkansas,2020-W09,14.224824355971897
Arkansas,2020-W10,17.178403755868544
Arkansas,2020-W11,7.932084309133489
Arkansas,2020-W12,-15.661290322580646
Arkansas,2020-W13,-23.05442176870748
Arkansas,2020-W14,-24.009090909090908
Arkansas,2020-W15,-31.224358974358974
Arkansas,2020-W16,-19.602564102564102
Arkansas,2020-W17,-16.666666666666668
Arkansas,2020-W18,-8.807692307692308
Arkansas,2020-W19,-4.0130718954248366
Arkansas,2020-W20,-6.871657754010696
Arkansas,2020-W21,-1.0466321243523315
Arkansas,2020-W22,-3.5128205128205128
Arkansas,2020-W23,2.0575916230366493
Arkansas,2020-W24,0.4869109947643979
Arkansas,2020-W25,1.1649484536082475
Arkansas,2020-W26,-1.6307692307692307
Arkansas,2020-W27,1.256544502617801
Arkansas,2020-W28,-0.7083333333333334
Arkansas,2020-W29,-2.0510204081632653
Arkansas,2020-W30,-3.5051020408163267
Arkansas,2020-W31,-1.0833333333333333
Arkansas,2020-W32,0.18652849740932642
Arkansas,2020-W33,-1.2989690721649485
Arkansas,2020-W34,-5.0
Arkansas,2020-W35,-10.847457627118644
Arkansas,2020-W36,-6.948275862068965
Arkansas,2020-W37,-6.088709677419355
Arkansas,2020-W38,-1.794871794871795
Arkansas,2020-W39,-5.204081632653061
Arkansas,2020-W40,-1.225130890052356
Arkansas,2020-W41,-4.571428571428571
Arkansas,2020-W42,-4.336734693877551
Arkansas,2020-W43,-6.00507614213198
Arkansas,2020-W44,-4.098445595854923
Arkansas,2020-W45,-4.11734693877551
Arkansas,2020-W46,-7.255102040816326
Arkansas,2020-W47,-8.863636363636363
Arkansas,2020-W48,-18.93069306930693
Arkansas,2020-W49,-7.3979591836734695
Arkansas,2020-W50,-10.376884422110553
Arkansas,2020-W51,-6.571428571428571
Arkansas,2020-W52,-14.71875
Arkansas,2020-W53,-3.108910891089109
California,2020-W07,10.205357142857142
California,2020-W08,5.459183673469388
California,2020-W09,6.560102301790281
California,2020-W10,6.645408163265306
California,2020-W11,-1.211734693877551
California,2020-W12,-29.709183673469386
California,2020-W13,-43.040712468193384
California,2020-W14,-41.915601023017906
California,2020-W15,-45.09785932721712
California,2020-W16,-46.30654761904762
California,2020-W17,-49.023809523809526
California,2020-W18,-43.3562874251497
California,2020-W19,-39.740181268882175
California,2020-W20,-39.74928774928775
California,2020-W21,-33.038356164383565
California,2020-W22,-31.87193460490463
California,2020-W23,-26.929155313351497
California,2020-W24,-23.869565217391305
California,2020-W25,-21.256064690026953
California,2020-W26,-20.787061994609164
California,2020-W27,-17.48247978436658
California,2020-W28,-19.156756756756756
California,2020-W29,-20.724324324324325
California,2020-W30,-20.47027027027027
California,2020-W31,-19.441734417344172
California,2020-W32,-17.919137466307276
California,2020-W33,-19.688172043010752
California,2020-W34,-27.896551724137932
California,2020-W35,-27.21072796934866
California,2020-W36,-23.666666666666668
California,2020-W37,-24.19543973941368
California,2020-W38,-20.460916442048518
California,2020-W39,-19.92452830188679
California,2020-W40,-18.450134770889488
California,2020-W41,-18.1455525606469
California,2020-W42,-17.237196765498652
California,2020-W43,-17.967654986522913
California,2020-W44,-17.56451612903226
California,2020-W45,-19.13978494623656
California,2020-W46,-19.344086021505376
California,2020-W47,-22.364864864864863
California,2020-W48,-25.347708894878707
California,2020-W49,-22.206989247311828
California,2020-W50,-27.935309973045822
California,2020-W51,-25.119241192411923
California,2020-W52,-29.442048517520217
California,2020-W53,-20.37735849056604
Colorado,2020-W07,4.876404494382022
Colorado,2020-W08,1.7272727272727273
Colorado,2020-W09,6.596774193548387
Colorado,2020-W10,9.628664495114007
Colorado,2020-W11,2.3689320388349513
Colorado,2020-W12,-31.742574257425744
Colorado,2020-W13,-45.37581699346405
Colorado,2020-W14,-44.90969899665552
Colorado,2020-W15,-48.27450980392157
Colorado,2020-W16,-46.6583850931677
Colorado,2020-W17,-39.855345911949684
Colorado,2020-W18,-32.765822784810126
Colorado,2020-W19,-28.369426751592357
Colorado,2020-W20,-26.56149732620321
Colorado,2020-W21,-19.09259259259259
Colorado,2020-W22,-16.861751152073733
Colorado,2020-W23,-10.74537037037037
Colorado,2020-W24,-7.710280373831775
Colorado,2020-W25,-3.572093023255814
Colorado,2020-W26,-2.52803738317757
Colorado,2020-W27,3.167441860465116
Colorado,2020-W28,2.0186915887850465
Colorado,2020-W29,1.1674418604651162
Colorado,2020-W30,1.3906976744186046
Colorado,2020-W31,2.4766355140186915
Colorado,2020-W32,3.116279069767442
Colorado,2020-W33,0.02304147465437788
Colorado,2020-W34,-11.905263157894737
Colorado,2020-W35,-13.597938144329897
Colorado,2020-W36,-10.458333333333334
Colorado,2020-W37,-9.758389261744966
Colorado,2020-W38,-2.7660550458715596
Colorado,2020-W39,-3.073394495412844
Colorado,2020-W40,-2.720183486238532
Colorado,2020-W41,-5.698630136986301
Colorado,2020-W42,-8.0
Colorado,2020-W43,-14.294117647058824
Colorado,2020-W44,-16.716216216216218
Colorado,2020-W45,-16.445945945945947
Colorado,2020-W46,-20.93243243243243
Colorado,2020-W47,-21.36
Colorado,2020-W48,-27.86425339366516
Colorado,2020-W49,-21.068181818181817
Colorado,2020-W50,-24.414414414414413
Colorado,2020-W51,-18.804545454545455
Colorado,2020-W52,-19.953917050691246
Colorado,2020-W53,-8.355371900826446
Connecticut,2020-W07,4.666666666666667
Connecticut,2020-W08,5.396825396825397
Connecticut,2020-W09,5.0
Connecticut,2020-W10,6.888888888888889
Connecticut,2020-W11,1.746031746031746
Connecticut,2020-W12,-28.253968253968253
Connecticut,2020-W13,-45.095238095238095
Connecticut,2020-W14,-43.317460317460316
Connecticut,2020-W15,-45.507936507936506
Connecticut,2020-W16,-41.523809523809526
Connecticut,2020-W17,-40.698412698412696
Connecticut,2020-W18,-33.17460317460318
Connecticut,2020-W19,-29.428571428571427
Connecticut,2020-W20,-27.761904761904763
Connecticut,2020-W21,-20.873015873015873
Connecticut,2020-W22,-19.650793650793652
Connecticut,2020-W23,-12.476190476190476
Connecticut,2020-W24,-10.047619047619047
Connecticut,2020-W25,-5.396825396825397
Connecticut,2020-W26,-7.507936507936508
Connecticut,2020-W27,-7.190476190476191
Connecticut,2020-W28,-6.444444444444445
Connecticut,2020-W29,-5.317460317460317
Connecticut,2020-W30,-5.333333333333333
Connecticut,2020-W31,-5.317460317460317
Connecticut,2020-W32,-1.5555555555555556
Connecticut,2020-W33,-5.507936507936508
Connecticut,2020-W34,-5.326923076923077
Connecticut,2020-W35,-6.509803921568627
Connecticut,2020-W36,-3.7450980392156863
Connecticut,2020-W37,-7.326923076923077
Connecticut,2020-W38,-5.095238095238095
Connecticut,2020-W39,-6.190476190476191
Connecticut,2020-W40,-6.365079365079365
Connecticut,2020-W41,-7.841269841269841
Connecticut,2020-W42,-9.936507936507937
Connecticut,2020-W43,-9.920634920634921
Connecticut,2020-W44,-14.65079365079365
Connecticut,2020-W45,-10.26984126984127
Connecticut,2020-W46,-14.714285714285714
Connecticut,2020-W47,-15.11111111111111
Connecticut,2020-W48,-20.523809523809526
Connecticut,2020-W49,-18.46031746031746
Connecticut,2020-W50,-15.095238095238095
Connecticut,2020-W51,-19.873015873015873
Connecticut,2020-W52,-17.476190476190474
Connecticut,2020-W53,-6.333333333333333
Delaware,2020-W07,8.125
Delaware,2020-W08,5.535714285714286
Delaware,2020-W09,7.25
Delaware,2020-W10,9.75
Delaware,2020-W11,5.678571428571429
Delaware,2020-W12,-22.071428571428573
Delaware,2020-W13,-41.5
Delaware,2020-W14,-39.535714285714285
Delaware,2020-W15,-41.714285714285715
Delaware,2020-W16,-38.107142857142854
Delaware,2020-W17,-36.785714285714285
Delaware,2020-W18,-31.821428571428573
Delaware,2020-W19,-26.214285714285715
Delaware,2020-W20,-24.928571428571427
Delaware,2020-W21,-22.142857142857142
Delaware,2020-W22,-20.392857142857142
Delaware,2020-W23,-6.5
Delaware,2020-W24,0.35714285714285715
Delaware,2020-W25,4.035714285714286
Delaware,2020-W26,5.178571428571429
Delaware,2020-W27,6.642857142857143
Delaware,2020-W28,2.392857142857143
Delaware,2020-W29,4.928571428571429
Delaware,2020-W30,3.857142857142857
Delaware,2020-W31,5.535714285714286
Delaware,2020-W32,3.642857142857143
Delaware,2020-W33,4.035714285714286
Delaware,2020-W34,5.321428571428571
Delaware,2020-W35,3.607142857142857
Delaware,2020-W36,6.607142857142857
Delaware,2020-W37,1.75
Delaware,2020-W38,2.142857142857143
Delaware,2020-W39,-0.7142857142857143
Delaware,2020-W40,-1.4285714285714286
Delaware,2020-W41,-3.7142857142857144
Delaware,2020-W42,-6.464285714285714
Delaware,2020-W43,-6.928571428571429
Delaware,2020-W44,-9.821428571428571
Delaware,2020-W45,-4.678571428571429
Delaware,2020-W46,-8.071428571428571
Delaware,2020-W47,-9.25
Delaware,2020-W48,-14.107142857142858
Delaware,2020-W49,-11.357142857142858
Delaware,2020-W50,-10.25
Delaware,2020-W51,-12.535714285714286
Delaware,2020-W52,-14.607142857142858
Delaware,2020-W53,0.5625
District Of Columbia,2020-W07,2.0
District Of Columbia,2020-W08,-2.2857142857142856
District Of Columbia,2020-W09,1.1428571428571428
District Of Columbia,2020-W10,6.285714285714286
District Of Columbia,2020-W11,-9.714285714285714
District Of Columbia,2020-W12,-47.42857142857143
District Of Columbia,2020-W13,-60.57142857142857
District Of Columbia,2020-W14,-61.42857142857143
District Of Columbia,2020-W15,-65.0
District Of Columbia,2020-W16,-65.0
District Of Columbia,2020-W17,-64.71428571428571
District Of Columbia,2020-W18,-61.857142857142854
District Of Columbia,2020-W19,-59.857142857142854
District Of Columbia,2020-W20,-60.0
District Of Columbia,2020-W21,-59.0
District Of Columbia,2020-W22,-57.142857142857146
District Of Columbia,2020-W23,-53.285714285714285
District Of Columbia,2020-W24,-52.57142857142857
District Of Columbia,2020-W25,-52.42857142857143
District Of Columbia,2020-W26,-50.42857142857143
District Of Columbia,2020-W27,-48.42857142857143
District Of Columbia,2020-W28,-49.285714285714285
District Of Columbia,2020-W29,-48.142857142857146
District Of Columbia,2020-W30,-49.142857142857146
District Of Columbia,2020-W31,-48.142857142857146
District Of Columbia,2020-W32,-48.0
District Of Columbia,2020-W33,-49.285714285714285
District Of Columbia,2020-W34,-48.0
District Of Columbia,2020-W35,-45.857142857142854
District Of Columbia,2020-W36,-46.714285714285715
District Of Columbia,2020-W37,-49.285714285714285
District Of Columbia,2020-W38,-46.285714285714285
District Of Columbia,2020-W39,-46.42857142857143
District Of Columbia,2020-W40,-46.142857142857146
District Of Columbia,2020-W41,-47.285714285714285
District Of Columbia,2020-W42,-48.285714285714285
District Of Columbia,2020-W43,-47.714285714285715
District Of Columbia,2020-W44,-49.42857142857143
District Of Columbia,2020-W45,-47.142857142857146
District Of Columbia,2020-W46,-49.714285714285715
District Of Columbia,2020-W47,-50.0
District Of Columbia,2020-W48,-54.857142857142854
District Of Columbia,2020-W49,-52.142857142857146
District Of Columbia,2020-W50,-51.285714285714285
District Of Columbia,2020-W51,-54.57142857142857
District Of Columbia,2020-W52,-58.142857142857146
District Of Columbia,2020-W53,-51.25
Florida,2020-W07,6.196850393700787
Florida,2020-W08,3.879194630872483
Florida,2020-W09,8.689887640449438
Florida,2020-W10,9.170022371364654
Florida,2020-W11,6.988814317673378
Florida,2020-W12,-17.621380846325167
Florida,2020-W13,-35.388392857142854
Florida,2020-W14,-38.897550111358576
Florida,2020-W15,-46.39193083573487
Florida,2020-W16,-40.39193083573487
Florida,2020-W17,-38.55907780979827
Florida,2020-W18,-32.229651162790695
Florida,2020-W19,-25.023255813953487
Florida,2020-W20,-22.426997245179063
Florida,2020-W21,-17.74607329842932
Florida,2020-W22,-17.986910994764397
Florida,2020-W23,-16.178477690288712
Florida,2020-W24,-13.324607329842932
Florida,2020-W25,-11.387862796833772
Florida,2020-W26,-14.782722513089006
Florida,2020-W27,-15.068241469816273
Florida,2020-W28,-16.591623036649214
Florida,2020-W29,-17.115183246073297
Florida,2020-W30,-18.350785340314136
Florida,2020-W31,-18.673629242819842
Florida,2020-W32,-16.840314136125656
Florida,2020-W33,-17.82460732984293
Florida,2020-W34,-21.033088235294116
Florida,2020-W35,-22.417582417582416
Florida,2020-W36,-19.022140221402214
Florida,2020-W37,-20.72327044025157
Florida,2020-W38,-19.780104712041886
Florida,2020-W39,-17.287958115183248
Florida,2020-W40,-16.054973821989527
Florida,2020-W41,-16.455729166666668
Florida,2020-W42,-15.591623036649215
Florida,2020-W43,-15.806282722513089
Florida,2020-W44,-14.426701570680628
Florida,2020-W45,-15.107329842931938
Florida,2020-W46,-16.673629242819842
Florida,2020-W47,-14.903141361256544
Florida,2020-W48,-19.580901856763926
Florida,2020-W49,-12.616187989556137
Florida,2020-W50,-13.362924281984334
Florida,2020-W51,-11.672774869109947
Florida,2020-W52,-16.854111405835543
Florida,2020-W53,-2.337962962962963
Georgia,2020-W07,2.4754098360655736
Georgia,2020-W08,1.3693901035673188
Georgia,2020-W09,11.85747392815759
Georgia,2020-W10,10.688581314878892
Georgia,2020-W11,9.110982658959538
Georgia,2020-W12,-14.890285714285714
Georgia,2020-W13,-30.29738933030647
Georgia,2020-W14,-33.09318181818182
Georgia,2020-W15,-39.222707423580786
Georgia,2020-W16,-28.75054229934924
Georgia,2020-W17,-26.01304347826087
Georgia,2020-W18,-14.827433628318584
Georgia,2020-W19,-9.595555555555556
Georgia,2020-W20,-8.758823529411766
Georgia,2020-W21,-6.6454545454545455
Georgia,2020-W22,-7.743682310469314
Georgia,2020-W23,-2.757741347905282
Georgia,2020-W24,-3.0636363636363635
Georgia,2020-W25,-1.4327272727272726
Georgia,2020-W26,-4.021699819168173
Georgia,2020-W27,-1.8720292504570384
Georgia,2020-W28,-3.625
Georgia,2020-W29,-3.1268115942028984
Georgia,2020-W30,-4.764065335753176
Georgia,2020-W31,-3.5985533453887886
Georgia,2020-W32,-3.392014519056261
Georgia,2020-W33,-5.724137931034483
Georgia,2020-W34,-12.390134529147982
Georgia,2020-W35,-13.38116591928251
Georgia,2020-W36,-8.86936936936937
Georgia,2020-W37,-9.102425876010782
Georgia,2020-W38,-5.8090909090909095
Georgia,2020-W39,-5.730072463768116
Georgia,2020-W40,-2.885869565217391
Georgia,2020-W41,-6.324909747292419
Georgia,2020-W42,-3.896551724137931
Georgia,2020-W43,-4.956678700361011
Georgia,2020-W44,-3.4550359712230216
Georgia,2020-W45,-4.271739130434782
Georgia,2020-W46,-5.2797833935018055
Georgia,2020-W47,-4.905797101449275
Georgia,2020-W48,-12.611913357400722
Georgia,2020-W49,-4.143375680580762
Georgia,2020-W50,-5.084684684684684
Georgia,2020-W51,-2.693140794223827
Georgia,2020-W52,-11.057835820895523
Georgia,2020-W53,4.341216216216216
Hawaii,2020-W07,2.7
Hawaii,2020-W08,2.2
Hawaii,2020-W09,2.3142857142857145
Hawaii,2020-W10,1.0571428571428572
Hawaii,2020-W11,-3.2857142857142856
Hawaii,2020-W12,-27.65714285714286
Hawaii,2020-W13,-53.51428571428571
Hawaii,2020-W14,-54.68571428571428
Hawaii,2020-W15,-58.05714285714286
Hawaii,2020-W16,-58.285714285714285
Hawaii,2020-W17,-56.68571428571428
Hawaii,2020-W18,-53.857142857142854
Hawaii,2020-W19,-50.91428571428571
Hawaii,2020-W20,-50.6
Hawaii,2020-W21,-47.2
Hawaii,2020-W22,-46.17142857142857
Hawaii,2020-W23,-42.628571428571426
Hawaii,2020-W24,-41.8
Hawaii,2020-W25,-40.05714285714286
Hawaii,2020-W26,-40.114285714285714
Hawaii,2020-W27,-39.285714285714285
Hawaii,2020-W28,-39.4
Hawaii,2020-W29,-39.08571428571429
Hawaii,2020-W30,-41.02857142857143
Hawaii,2020-W31,-40.34285714285714
Hawaii,2020-W32,-40.857142857142854
Hawaii,2020-W33,-42.714285714285715
Hawaii,2020-W34,-44.457142857142856
Hawaii,2020-W35,-46.94285714285714
Hawaii,2020-W36,-47.114285714285714
Hawaii,2020-W37,-48.97142857142857
Hawaii,2020-W38,-48.02857142857143
Hawaii,2020-W39,-46.8
Hawaii,2020-W40,-44.8
Hawaii,2020-W41,-44.05714285714286
Hawaii,2020-W42,-44.285714285714285
Hawaii,2020-W43,-39.51428571428571
Hawaii,2020-W44,-38.628571428571426
Hawaii,2020-W45,-37.42857142857143
Hawaii,2020-W46,-35.74285714285714
Hawaii,2020-W47,-36.17142857142857
Hawaii,2020-W48,-38.285714285714285
Hawaii,2020-W49,-33.68571428571428
Hawaii,2020-W50,-35.142857142857146
Hawaii,2020-W51,-33.8
Hawaii,2020-W52,-37.142857142857146
Hawaii,2020-W53,-29.45
Idaho,2020-W07,7.415094339622642
Idaho,2020-W08,5.447619047619048
Idaho,2020-W09,9.54066985645933
Idaho,2020-W10,10.256038647342995
Idaho,2020-W11,6.971153846153846
Idaho,2020-W12,-8.919431279620854
Idaho,2020-W13,-32.789954337899545
Idaho,2020-W14,-37.95175438596491
Idaho,2020-W15,-36.53012048192771
Idaho,2020-W16,-28.023809523809526
Idaho,2020-W17,-24.773809523809526
Idaho,2020-W18,-18.36144578313253
Idaho,2020-W19,-11.518072289156626
Idaho,2020-W20,-12.061224489795919
Idaho,2020-W21,-2.6491228070175437
Idaho,2020-W22,-0.40869565217391307
Idaho,2020-W23,4.170940170940171
Idaho,2020-W24,4.683760683760684
Idaho,2020-W25,8.38135593220339
Idaho,2020-W26,8.743589743589743
Idaho,2020-W27,9.816666666666666
Idaho,2020-W28,8.777777777777779
Idaho,2020-W29,8.201680672268907
Idaho,2020-W30,6.932203389830509
Idaho,2020-W31,7.630252100840337
Idaho,2020-W32,8.745762711864407
Idaho,2020-W33,7.669491525423729
Idaho,2020-W34,2.8181818181818183
Idaho,2020-W35,1.9555555555555555
Idaho,2020-W36,4.813953488372093
Idaho,2020-W37,4.786666666666667
Idaho,2020-W38,5.529411764705882
Idaho,2020-W39,3.0504201680672267
Idaho,2020-W40,3.652542372881356
Idaho,2020-W41,1.5847457627118644
Idaho,2020-W42,0.40336134453781514
Idaho,2020-W43,-1.596638655462185
Idaho,2020-W44,-0.6974789915966386
Idaho,2020-W45,-2.8220338983050848
Idaho,2020-W46,-7.871794871794871
Idaho,2020-W47,-5.572649572649572
Idaho,2020-W48,-13.181034482758621
Idaho,2020-W49,-3.8823529411764706
Idaho,2020-W50,-5.5423728813559325
Idaho,2020-W51,-1.3728813559322033
Idaho,2020-W52,-9.530434782608696
Idaho,2020-W53,1.0434782608695652
Illinois,2020-W07,8.060240963855422
Illinois,2020-W08,5.598290598290598
Illinois,2020-W09,10.749571183533448
Illinois,2020-W10,15.331046312178387
Illinois,2020-W11,7.335034013605442
Illinois,2020-W12,-31.26043405676127
Illinois,2020-W13,-41.91914191419142
Illinois,2020-W14,-37.18801996672213
Illinois,2020-W15,-41.49152542372882
Illinois,2020-W16,-34.54295532646048
Illinois,2020-W17,-31.78839590443686
Illinois,2020-W18,-25.745704467353953
Illinois,2020-W19,-24.7
Illinois,2020-W20,-26.98181818181818
Illinois,2020-W21,-21.647382920110193
Illinois,2020-W22,-17.641873278236915
Illinois,2020-W23,-10.127777777777778
Illinois,2020-W24,-9.710306406685238
Illinois,2020-W25,-8.122562674094707
Illinois,2020-W26,-7.575
Illinois,2020-W27,-4.441988950276243
Illinois,2020-W28,-4.075
Illinois,2020-W29,-5.678670360110804
Illinois,2020-W30,-6.077348066298343
Illinois,2020-W31,-5.584958217270195
Illinois,2020-W32,-1.9916434540389971
Illinois,2020-W33,1.776536312849162
Illinois,2020-W34,-6.23021582733813
Illinois,2020-W35,-9.302158273381295
Illinois,2020-W36,-8.553956834532373
Illinois,2020-W37,-5.897435897435898
Illinois,2020-W38,0.3426183844011142
Illinois,2020-W39,-1.3111111111111111
Illinois,2020-W40,-1.569060773480663
Illinois,2020-W41,-2.1944444444444446
Illinois,2020-W42,-5.368421052631579
Illinois,2020-W43,-7.343406593406593
Illinois,2020-W44,-7.958677685950414
Illinois,2020-W45,-7.7707182320441985
Illinois,2020-W46,-13.645429362880886
Illinois,2020-W47,-15.132231404958677
Illinois,2020-W48,-21.99173553719008
Illinois,2020-W49,-13.6398891966759
Illinois,2020-W50,-14.317679558011049
Illinois,2020-W51,-10.98060941828255
Illinois,2020-W52,-17.014044943820224
Illinois,2020-W53,-8.626865671641792
Indiana,2020-W07,9.7953216374269
Indiana,2020-W08,6.529411764705882
Indiana,2020-W09,8.994957983193277
Indiana,2020-W10,15.944256756756756
Indiana,2020-W11,6.604026845637584
Indiana,2020-W12,-25.259933774834437
Indiana,2020-W13,-39.44572368421053
Indiana,2020-W14,-36.763636363636365
Indiana,2020-W15,-38.85878962536023
Indiana,2020-W16,-32.05428571428571
Indiana,2020-W17,-26.60857142857143
Indiana,2020-W18,-19.106017191977077
Indiana,2020-W19,-15.158045977011493
Indiana,2020-W20,-10.012755102040817
Indiana,2020-W21,-4.057142857142857
Indiana,2020-W22,-1.0739856801909309
Indiana,2020-W23,2.843230403800475
Indiana,2020-W24,3.0047169811320753
Indiana,2020-W25,5.221698113207547
Indiana,2020-W26,3.3411764705882354
Indiana,2020-W27,5.498795180722891
Indiana,2020-W28,4.524940617577197
Indiana,2020-W29,3.037914691943128
Indiana,2020-W30,0.7730496453900709
Indiana,2020-W31,0.839622641509434
Indiana,2020-W32,4.249406175771972
Indiana,2020-W33,2.7393364928909953
Indiana,2020-W34,-4.955555555555556
Indiana,2020-W35,-6.711111111111111
Indiana,2020-W36,-3.925373134328358
Indiana,2020-W37,-0.9923954372623575
Indiana,2020-W38,3.332547169811321
Indiana,2020-W39,2.830188679245283
Indiana,2020-W40,1.1267605633802817
Indiana,2020-W41,0.7126168224299065
Indiana,2020-W42,-2.400932400932401
Indiana,2020-W43,-3.8607888631090486
Indiana,2020-W44,-3.988372093023256
Indiana,2020-W45,-2.9414519906323187
Indiana,2020-W46,-6.694444444444445
Indiana,2020-W47,-8.986143187066975
Indiana,2020-W48,-15.857142857142858
Indiana,2020-W49,-7.900232018561485
Indiana,2020-W50,-7.503496503496503
Indiana,2020-W51,-6.2592592592592595
Indiana,2020-W52,-13.67612293144208
Indiana,2020-W53,0.1350210970464135
Iowa,2020-W07,6.088888888888889
Iowa,2020-W08,1.803921568627451
Iowa,2020-W09,6.998027613412229
Iowa,2020-W10,10.485089463220676
Iowa,2020-W11,4.98422090729783
Iowa,2020-W12,-31.606060606060606
Iowa,2020-W13,-41.59168241965973
Iowa,2020-W14,-37.68539325842696
Iowa,2020-W15,-42.28082191780822
Iowa,2020-W16,-34.644295302013425
Iowa,2020-W17,-30.075342465753426
Iowa,2020-W18,-22.97241379310345
Iowa,2020-W19,-21.53103448275862
Iowa,2020-W20,-18.05
Iowa,2020-W21,-10.009852216748769
Iowa,2020-W22,-7.840579710144928
Iowa,2020-W23,-3.6132075471698113
Iowa,2020-W24,-2.731132075471698
Iowa,2020-W25,-0.6192660550458715
Iowa,2020-W26,-1.7546296296296295
Iowa,2020-W27,-1.4976744186046511
Iowa,2020-W28,-2.3619909502262444
Iowa,2020-W29,-3.411764705882353
Iowa,2020-W30,-5.087719298245614
Iowa,2020-W31,-3.986547085201794
Iowa,2020-W32,1.1636363636363636
Iowa,2020-W33,8.023584905660377
Iowa,2020-W34,-2.260869565217391
Iowa,2020-W35,-6.029411764705882
Iowa,2020-W36,-5.492753623188406
Iowa,2020-W37,-2.2748091603053435
Iowa,2020-W38,4.204444444444444
Iowa,2020-W39,1.2654867256637168
Iowa,2020-W40,1.7316017316017316
Iowa,2020-W41,1.6609442060085837
Iowa,2020-W42,-0.20346320346320346
Iowa,2020-W43,-4.245614035087719
Iowa,2020-W44,-2.3201754385964914
Iowa,2020-W45,-2.1222707423580784
Iowa,2020-W46,-8.8008658008658
Iowa,2020-W47,-10.382882882882884
Iowa,2020-W48,-15.570093457943925
Iowa,2020-W49,-5.954337899543379
Iowa,2020-W50,-7.686098654708521
Iowa,2020-W51,-2.926605504587156
Iowa,2020-W52,-13.084507042253522
Iowa,2020-W53,-6.827868852459017
Kansas,2020-W07,8.919540229885058
Kansas,2020-W08,4.317073170731708
Kansas,2020-W09,11.593846153846155
Kansas,2020-W10,15.227848101265822
Kansas,2020-W11,7.504643962848297
Kansas,2020-W12,-15.706231454005934
Kansas,2020-W13,-29.172910662824208
Kansas,2020-W14,-37.48414985590778
Kansas,2020-W15,-38.947712418300654
Kansas,2020-W16,-31.683870967741935
Kansas,2020-W17,-27.903225806451612
Kansas,2020-W18,-20.329032258064515
Kansas,2020-W19,-15.85064935064935
Kansas,2020-W20,-16.36144578313253
Kansas,2020-W21,-5.320441988950276
Kansas,2020-W22,-6.95
Kansas,2020-W23,-1.287292817679558
Kansas,2020-W24,-1.6373626373626373
Kansas,2020-W25,-0.7374301675977654
Kansas,2020-W26,-2.0
Kansas,2020-W27,-1.456043956043956
Kansas,2020-W28,-4.351648351648351
Kansas,2020-W29,-4.377049180327869
Kansas,2020-W30,-6.0
Kansas,2020-W31,-5.371584699453552
Kansas,2020-W32,-1.9944751381215469
Kansas,2020-W33,-0.5139664804469274
Kansas,2020-W34,-8.369565217391305
Kansas,2020-W35,-9.851063829787234
Kansas,2020-W36,-7.723404255319149
Kansas,2020-W37,-5.6
Kansas,2020-W38,-1.8461538461538463
Kansas,2020-W39,-4.748633879781421
Kansas,2020-W40,-1.7777777777777777
Kansas,2020-W41,-4.033149171270718
Kansas,2020-W42,-4.906077348066298
Kansas,2020-W43,-6.856353591160221
Kansas,2020-W44,-7.8397790055248615
Kansas,2020-W45,-6.510989010989011
Kansas,2020-W46,-9.71195652173913
Kansas,2020-W47,-11.158469945355192
Kansas,2020-W48,-19.188172043010752
Kansas,2020-W49,-10.579234972677595
Kansas,2020-W50,-12.141304347826088
Kansas,2020-W51,-8.895027624309392
Kansas,2020-W52,-14.06043956043956
Kansas,2020-W53,-5.155339805825243
Kentucky,2020-W07,7.333333333333333
Kentucky,2020-W08,3.365289256198347
Kentucky,2020-W09,14.006734006734007
Kentucky,2020-W10,17.796264855687607
Kentucky,2020-W11,6.877076411960133
Kentucky,2020-W12,-20.48130081300813
Kentucky,2020-W13,-27.798373983739836
Kentucky,2020-W14,-26.623376623376622
Kentucky,2020-W15,-38.81333333333333
Kentucky,2020-W16,-30.41125541125541
Kentucky,2020-W17,-29.03448275862069
Kentucky,2020-W18,-19.946428571428573
Kentucky,2020-W19,-18.558035714285715
Kentucky,2020-W20,-17.203703703703702
Kentucky,2020-W21,-11.577049180327869
Kentucky,2020-W22,-5.292358803986711
Kentucky,2020-W23,-0.35906040268456374
Kentucky,2020-W24,-0.2956810631229236
Kentucky,2020-W25,-0.16556291390728478
Kentucky,2020-W26,-1.993421052631579
Kentucky,2020-W27,1.6088435374149659
Kentucky,2020-W28,-1.9503311258278146
Kentucky,2020-W29,-3.5874587458745872
Kentucky,2020-W30,-5.0816993464052285
Kentucky,2020-W31,-5.055555555555555
Kentucky,2020-W32,-2.1926910299003324
Kentucky,2020-W33,-5.511551155115511
Kentucky,2020-W34,-10.945945945945946
Kentucky,2020-W35,-13.22972972972973
Kentucky,2020-W36,-10.444444444444445
Kentucky,2020-W37,-9.13888888888889
Kentucky,2020-W38,-3.9377049180327868
Kentucky,2020-W39,-5.7254901960784315
Kentucky,2020-W40,-3.348684210526316
Kentucky,2020-W41,-6.133550488599348
Kentucky,2020-W42,-6.244299674267101
Kentucky,2020-W43,-9.192926045016078
Kentucky,2020-W44,-8.501628664495113
Kentucky,2020-W45,-7.785016286644951
Kentucky,2020-W46,-10.188925081433224
Kentucky,2020-W47,-15.151612903225807
Kentucky,2020-W48,-24.361022364217252
Kentucky,2020-W49,-17.772435897435898
Kentucky,2020-W50,-17.209003215434084
Kentucky,2020-W51,-11.59032258064516
Kentucky,2020-W52,-19.37
Kentucky,2020-W53,-3.4451219512195124
Louisiana,2020-W07,5.218181818181818
Louisiana,2020-W08,3.20460358056266
Louisiana,2020-W09,15.028497409326425
Louisiana,2020-W10,13.797927461139896
Louisiana,2020-W11,9.44818652849741
Louisiana,2020-W12,-17.575757575757574
Louisiana,2020-W13,-32.7825
Louisiana,2020-W14,-31.773067331670823
Louisiana,2020-W15,-42.0
Louisiana,2020-W16,-31.934010152284262
Louisiana,2020-W17,-27.51794871794872
Louisiana,2020-W18,-21.46153846153846
Louisiana,2020-W19,-17.645833333333332
Louisiana,2020-W20,-17.56132075471698
Louisiana,2020-W21,-9.258620689655173
Louisiana,2020-W22,-10.793103448275861
Louisiana,2020-W23,-6.991416309012876
Louisiana,2020-W24,-6.125541125541125
Louisiana,2020-W25,-4.914529914529915
Louisiana,2020-W26,-10.478632478632479
Louisiana,2020-W27,-7.034334763948498
Louisiana,2020-W28,-7.454935622317596
Louisiana,2020-W29,-10.36595744680851
Louisiana,2020-W30,-12.909871244635193
Louisiana,2020-W31,-9.871794871794872
Louisiana,2020-W32,-8.294871794871796
Louisiana,2020-W33,-11.519148936170213
Louisiana,2020-W34,-13.150537634408602
Louisiana,2020-W35,-23.616161616161616
Louisiana,2020-W36,-10.494505494505495
Louisiana,2020-W37,-12.186666666666667
Louisiana,2020-W38,-10.225108225108226
Louisiana,2020-W39,-12.283261802575108
Louisiana,2020-W40,-8.240343347639485
Louisiana,2020-W41,-18.897872340425533
Louisiana,2020-W42,-9.570815450643776
Louisiana,2020-W43,-10.901287553648068
Louisiana,2020-W44,-11.025974025974026
Louisiana,2020-W45,-9.384615384615385
Louisiana,2020-W46,-10.662393162393162
Louisiana,2020-W47,-11.107758620689655
Louisiana,2020-W48,-22.622881355932204
Louisiana,2020-W49,-10.213675213675213
Louisiana,2020-W50,-12.213675213675213
Louisiana,2020-W51,-10.439655172413794
Louisiana,2020-W52,-17.68936170212766
Louisiana,2020-W53,-6.886363636363637
Maine,2020-W07,10.088235294117647
Maine,2020-W08,6.176470588235294
Maine,2020-W09,7.630252100840337
Maine,2020-W10,12.058823529411764
Maine,2020-W11,5.529411764705882
Maine,2020-W12,-27.705882352941178
Maine,2020-W13,-41.00840336134454
Maine,2020-W14,-45.69747899159664
Maine,2020-W15,-45.976470588235294
Maine,2020-W16,-34.04705882352941
Maine,2020-W17,-32.11904761904762
Maine,2020-W18,-28.28235294117647
Maine,2020-W19,-23.142857142857142
Maine,2020-W20,-18.8659793814433
Maine,2020-W21,-7.935779816513762
Maine,2020-W22,-9.082568807339449
Maine,2020-W23,-4.12037037037037
Maine,2020-W24,-2.1574074074074074
Maine,2020-W25,6.0092592592592595
Maine,2020-W26,5.666666666666667
Maine,2020-W27,8.694444444444445
Maine,2020-W28,11.934579439252337
Maine,2020-W29,11.675925925925926
Maine,2020-W30,13.805555555555555
Maine,2020-W31,15.822429906542055
Maine,2020-W32,17.906542056074766
Maine,2020-W33,17.235849056603772
Maine,2020-W34,7.6571428571428575
Maine,2020-W35,6.085714285714285
Maine,2020-W36,6.823529411764706
Maine,2020-W37,9.0
Maine,2020-W38,10.916666666666666
Maine,2020-W39,7.805555555555555
Maine,2020-W40,6.703703703703703
Maine,2020-W41,8.092592592592593
Maine,2020-W42,1.0925925925925926
Maine,2020-W43,-1.5727272727272728
Maine,2020-W44,-5.7727272727272725
Maine,2020-W45,-6.409090909090909
Maine,2020-W46,-8.954545454545455
Maine,2020-W47,-12.5
Maine,2020-W48,-21.69724770642202
Maine,2020-W49,-14.081818181818182
Maine,2020-W50,-10.527272727272727
Maine,2020-W51,-12.247706422018348
Maine,2020-W52,-13.045871559633028
Maine,2020-W53,-4.359375
Maryland,2020-W07,6.76
Maryland,2020-W08,4.451428571428571
Maryland,2020-W09,4.885714285714286
Maryland,2020-W10,7.72
Maryland,2020-W11,3.68
Maryland,2020-W12,-23.33142857142857
Maryland,2020-W13,-39.62285714285714
Maryland,2020-W14,-40.70285714285714
Maryland,2020-W15,-43.52777777777778
Maryland,2020-W16,-39.44137931034483
Maryland,2020-W17,-38.60689655172414
Maryland,2020-W18,-33.62758620689655
Maryland,2020-W19,-28.98611111111111
Maryland,2020-W20,-26.085526315789473
Maryland,2020-W21,-20.6375
Maryland,2020-W22,-16.47826086956522
Maryland,2020-W23,-10.325
Maryland,2020-W24,-5.857142857142857
Maryland,2020-W25,-4.15527950310559
Maryland,2020-W26,-0.8679245283018868
Maryland,2020-W27,3.4662576687116564
Maryland,2020-W28,0.33540372670807456
Maryland,2020-W29,1.382716049382716
Maryland,2020-W30,-0.5802469135802469
Maryland,2020-W31,-0.515527950310559
Maryland,2020-W32,-1.6296296296296295
Maryland,2020-W33,-1.623456790123457
Maryland,2020-W34,-13.432692307692308
Maryland,2020-W35,-13.836538461538462
Maryland,2020-W36,-12.596153846153847
Maryland,2020-W37,-8.96875
Maryland,2020-W38,-2.228395061728395
Maryland,2020-W39,-5.945454545454545
Maryland,2020-W40,-6.398773006134969
Maryland,2020-W41,-7.445121951219512
Maryland,2020-W42,-9.902439024390244
Maryland,2020-W43,-11.072727272727272
Maryland,2020-W44,-12.916167664670658
Maryland,2020-W45,-10.624242424242425
Maryland,2020-W46,-14.341463414634147
Maryland,2020-W47,-15.98159509202454
Maryland,2020-W48,-20.036363636363635
Maryland,2020-W49,-16.742331288343557
Maryland,2020-W50,-15.197530864197532
Maryland,2020-W51,-18.386503067484664
Maryland,2020-W52,-18.60122699386503
Maryland,2020-W53,-5.380434782608695
Massachusetts,2020-W07,5.892857142857143
Massachusetts,2020-W08,4.9326923076923075
Massachusetts,2020-W09,4.1923076923076925
Massachusetts,2020-W10,7.019230769230769
Massachusetts,2020-W11,1.0
Massachusetts,2020-W12,-33.30769230769231
Massachusetts,2020-W13,-50.1530612244898
Massachusetts,2020-W14,-50.628865979381445
Massachusetts,2020-W15,-49.9010989010989
Massachusetts,2020-W16,-47.417582417582416
Massachusetts,2020-W17,-45.51648351648352
Massachusetts,2020-W18,-40.0
Massachusetts,2020-W19,-36.120879120879124
Massachusetts,2020-W20,-34.64835164835165
Massachusetts,2020-W21,-28.76923076923077
Massachusetts,2020-W22,-27.307692307692307
Massachusetts,2020-W23,-25.186813186813186
Massachusetts,2020-W24,-19.439560439560438
Massachusetts,2020-W25,-14.219780219780219
Massachusetts,2020-W26,-13.098901098901099
Massachusetts,2020-W27,-10.527472527472527
Massachusetts,2020-W28,-7.967032967032967
Massachusetts,2020-W29,-8.098901098901099
Massachusetts,2020-W30,-7.582417582417582
Massachusetts,2020-W31,-6.835164835164835
Massachusetts,2020-W32,-6.362637362637362
Massachusetts,2020-W33,-8.604395604395604
Massachusetts,2020-W34,-8.481012658227849
Massachusetts,2020-W35,-8.025
Massachusetts,2020-W36,-7.756410256410256
Massachusetts,2020-W37,-8.988095238095237
Massachusetts,2020-W38,-7.824175824175824
Massachusetts,2020-W39,-10.725274725274724
Massachusetts,2020-W40,-10.945054945054945
Massachusetts,2020-W41,-10.967032967032967
Massachusetts,2020-W42,-14.780219780219781
Massachusetts,2020-W43,-14.912087912087912
Massachusetts,2020-W44,-20.296703296703296
Massachusetts,2020-W45,-17.01098901098901
Massachusetts,2020-W46,-19.505494505494507
Massachusetts,2020-W47,-21.34065934065934
Massachusetts,2020-W48,-27.153846153846153
Massachusetts,2020-W49,-24.21978021978022
Massachusetts,2020-W50,-21.75824175824176
Massachusetts,2020-W51,-25.857142857142858
Massachusetts,2020-W52,-24.978021978021978
Massachusetts,2020-W53,-14.634615384615385
Michigan,2020-W07,11.841379310344827
Michigan,2020-W08,5.056390977443609
Michigan,2020-W09,7.172675521821632
Michigan,2020-W10,12.175803402646503
Michigan,2020-W11,4.058052434456929
Michigan,2020-W12,-32.40560747663552
Michigan,2020-W13,-50.76981132075472
Michigan,2020-W14,-48.2312030075188
Michigan,2020-W15,-53.09034267912772
Michigan,2020-W16,-47.038922155688624
Michigan,2020-W17,-41.3969696969697
Michigan,2020-W18,-29.083076923076923
Michigan,2020-W19,-25.678233438485805
Michigan,2020-W20,-24.876080691642652
Michigan,2020-W21,-14.373655913978494
Michigan,2020-W22,-13.166666666666666
Michigan,2020-W23,-5.121621621621622
Michigan,2020-W24,2.280323450134771
Michigan,2020-W25,9.124324324324323
Michigan,2020-W26,10.938172043010752
Michigan,2020-W27,14.390710382513662
Michigan,2020-W28,10.51086956521739
Michigan,2020-W29,7.266304347826087
Michigan,2020-W30,8.745257452574526
Michigan,2020-W31,8.532608695652174
Michigan,2020-W32,9.997282608695652
Michigan,2020-W33,8.222826086956522
Michigan,2020-W34,-5.829787234042553
Michigan,2020-W35,-6.846153846153846
Michigan,2020-W36,-5.401408450704225
Michigan,2020-W37,-1.243801652892562
Michigan,2020-W38,6.526315789473684
Michigan,2020-W39,4.30890052356021
Michigan,2020-W40,2.3567708333333335
Michigan,2020-W41,3.7473958333333335
Michigan,2020-W42,-0.8191214470284238
Michigan,2020-W43,-5.268041237113402
Michigan,2020-W44,-8.017902813299234
Michigan,2020-W45,-6.4281984334203655
Michigan,2020-W46,-10.644155844155843
Michigan,2020-W47,-20.068421052631578
Michigan,2020-W48,-28.476439790575917
Michigan,2020-W49,-20.944736842105264
Michigan,2020-W50,-22.227748691099478
Michigan,2020-W51,-18.528947368421054
Michigan,2020-W52,-25.93899204244032
Michigan,2020-W53,-13.586854460093896
Minnesota,2020-W07,9.488888888888889
Minnesota,2020-W08,3.401209677419355
Minnesota,2020-W09,7.662576687116564
Minnesota,2020-W10,9.872164948453609
Minnesota,2020-W11,6.048780487804878
Minnesota,2020-W12,-31.50300601202405
Minnesota,2020-W13,-42.3780487804878
Minnesota,2020-W14,-43.799196787148595
Minnesota,2020-W15,-44.47844827586207
Minnesota,2020-W16,-35.465811965811966
Minnesota,2020-W17,-30.017094017094017
Minnesota,2020-W18,-23.742489270386265
Minnesota,2020-W19,-21.93991416309013
Minnesota,2020-W20,-22.675675675675677
Minnesota,2020-W21,-13.91459074733096
Minnesota,2020-W22,-14.376344086021506
Minnesota,2020-W23,-4.258992805755396
Minnesota,2020-W24,-0.6702898550724637
Minnesota,2020-W25,2.278985507246377
Minnesota,2020-W26,2.2114695340501793
Minnesota,2020-W27,3.4175824175824174
Minnesota,2020-W28,2.8853046594982077
Minnesota,2020-W29,2.4857142857142858
Minnesota,2020-W30,0.656140350877193
Minnesota,2020-W31,1.7359154929577465
Minnesota,2020-W32,2.4448398576512456
Minnesota,2020-W33,3.4408602150537635
Minnesota,2020-W34,-7.0375
Minnesota,2020-W35,-6.7
Minnesota,2020-W36,-5.275
Minnesota,2020-W37,-1.8214285714285714
Minnesota,2020-W38,2.882978723404255
Minnesota,2020-W39,0.7789473684210526
Minnesota,2020-W40,-0.624561403508772
Minnesota,2020-W41,-0.7560975609756098
Minnesota,2020-W42,-2.7620689655172415
Minnesota,2020-W43,-9.66089965397924
Minnesota,2020-W44,-6.231578947368421
Minnesota,2020-W45,-5.778546712802768
Minnesota,2020-W46,-15.283216783216783
Minnesota,2020-W47,-16.017301038062282
Minnesota,2020-W48,-26.836879432624112
Minnesota,2020-W49,-20.017543859649123
Minnesota,2020-W50,-20.375
Minnesota,2020-W51,-17.031690140845072
Minnesota,2020-W52,-27.51590106007067
Minnesota,2020-W53,-11.7625
Mississippi,2020-W07,4.698275862068965
Mississippi,2020-W08,-1.0891566265060242
Mississippi,2020-W09,16.817283950617284
Mississippi,2020-W10,16.895261845386532
Mississippi,2020-W11,10.495049504950495
Mississippi,2020-W12,-12.580487804878048
Mississippi,2020-W13,-25.249400479616305
Mississippi,2020-W14,-26.124401913875598
Mississippi,2020-W15,-39.681528662420384
Mississippi,2020-W16,-27.70063694267516
Mississippi,2020-W17,-23.11464968152866
Mississippi,2020-W18,-14.814102564102564
Mississippi,2020-W19,-10.23076923076923
Mississippi,2020-W20,-7.890625
Mississippi,2020-W21,-2.918269230769231
Mississippi,2020-W22,-5.595238095238095
Mississippi,2020-W23,-1.1490384615384615
Mississippi,2020-W24,-1.9855072463768115
Mississippi,2020-W25,0.27884615384615385
Mississippi,2020-W26,-5.331753554502369
Mississippi,2020-W27,-2.946078431372549
Mississippi,2020-W28,-4.742857142857143
Mississippi,2020-W29,-4.94811320754717
Mississippi,2020-W30,-7.3584905660377355
Mississippi,2020-W31,-3.6333333333333333
Mississippi,2020-W32,-4.421800947867299
Mississippi,2020-W33,-8.028169014084508
Mississippi,2020-W34,-10.10204081632653
Mississippi,2020-W35,-13.22
Mississippi,2020-W36,-6.666666666666667
Mississippi,2020-W37,-10.37007874015748
Mississippi,2020-W38,-7.336448598130841
Mississippi,2020-W39,-10.62962962962963
Mississippi,2020-W40,-5.414285714285715
Mississippi,2020-W41,-10.63551401869159
Mississippi,2020-W42,-8.874418604651163
Mississippi,2020-W43,-11.469483568075118
Mississippi,2020-W44,-10.236966824644549
Mississippi,2020-W45,-7.19811320754717
Mississippi,2020-W46,-10.244131455399062
Mississippi,2020-W47,-10.48356807511737
Mississippi,2020-W48,-23.315315315315317
Mississippi,2020-W49,-8.981308411214954
Mississippi,2020-W50,-11.018604651162791
Mississippi,2020-W51,-7.9485981308411215
Mississippi,2020-W52,-16.59313725490196
Mississippi,2020-W53,-1.5225225225225225
Missouri,2020-W07,8.842424242424242
Missouri,2020-W08,5.857388316151202
Missouri,2020-W09,13.653379549393414
Missouri,2020-W10,18.476603119584055
Missouri,2020-W11,11.015463917525773
Missouri,2020-W12,-12.723440134907252
Missouri,2020-W13,-28.85024958402662
Missouri,2020-W14,-28.19800332778702
Missouri,2020-W15,-39.49402390438247
Missouri,2020-W16,-27.550200803212853
Missouri,2020-W17,-24.076612903225808
Missouri,2020-W18,-15.363265306122448
Missouri,2020-W19,-5.446280991735537
Missouri,2020-W20,-5.5121107266435985
Missouri,2020-W21,3.2954545454545454
Missouri,2020-W22,1.66984126984127
Missouri,2020-W23,6.231270358306189
Missouri,2020-W24,6.817589576547231
Missouri,2020-W25,8.606451612903227
Missouri,2020-W26,6.752442996742671
Missouri,2020-W27,8.422950819672131
Missouri,2020-W28,7.057877813504823
Missouri,2020-W29,4.226837060702875
Missouri,2020-W30,2.2012779552715656
Missouri,2020-W31,3.2555205047318614
Missouri,2020-W32,8.781350482315112
Missouri,2020-W33,7.768729641693811
Missouri,2020-W34,-5.24468085106383
Missouri,2020-W35,-7.89247311827957
Missouri,2020-W36,-5.806451612903226
Missouri,2020-W37,0.9738219895287958
Missouri,2020-W38,7.339743589743589
Missouri,2020-W39,3.170347003154574
Missouri,2020-W40,5.907348242811501
Missouri,2020-W41,4.370253164556962
Missouri,2020-W42,3.7452830188679247
Missouri,2020-W43,0.0914826498422713
Missouri,2020-W44,-0.01875
Missouri,2020-W45,2.908805031446541
Missouri,2020-W46,-1.3043478260869565
Missouri,2020-W47,-3.5700934579439254
Missouri,2020-W48,-11.869565217391305
Missouri,2020-W49,-0.2484472049689441
Missouri,2020-W50,-2.3117283950617282
Missouri,2020-W51,1.3103448275862069
Missouri,2020-W52,-9.211538461538462
Missouri,2020-W53,3.7964071856287425
Montana,2020-W07,4.560975609756097
Montana,2020-W08,4.45679012345679
Montana,2020-W09,9.446540880503145
Montana,2020-W10,11.708860759493671
Montana,2020-W11,-0.9024390243902439
Montana,2020-W12,-29.32941176470588
Montana,2020-W13,-43.84705882352941
Montana,2020-W14,-48.63690476190476
Montana,2020-W15,-43.421052631578945
Montana,2020-W16,-36.89473684210526
Montana,2020-W17,-32.526315789473685
Montana,2020-W18,-22.5
Montana,2020-W19,-11.464285714285714
Montana,2020-W20,-8.753846153846155
Montana,2020-W21,-2.0144927536231885
Montana,2020-W22,0.4782608695652174
Montana,2020-W23,6.521739130434782
Montana,2020-W24,7.5
Montana,2020-W25,9.75
Montana,2020-W26,12.542857142857143
Montana,2020-W27,12.253521126760564
Montana,2020-W28,13.819444444444445
Montana,2020-W29,10.662162162162161
Montana,2020-W30,10.56
Montana,2020-W31,11.635135135135135
Montana,2020-W32,12.32
Montana,2020-W33,11.293333333333333
Montana,2020-W34,3.46875
Montana,2020-W35,2.0625
Montana,2020-W36,4.375
Montana,2020-W37,5.857142857142857
Montana,2020-W38,8.546666666666667
Montana,2020-W39,5.24
Montana,2020-W40,5.22972972972973
Montana,2020-W41,1.1081081081081081
Montana,2020-W42,-3.635135135135135
Montana,2020-W43,-10.0
Montana,2020-W44,-5.698630136986301
Montana,2020-W45,-9.263157894736842
Montana,2020-W46,-13.493333333333334
Montana,2020-W47,-11.013333333333334
Montana,2020-W48,-17.527027027027028
Montana,2020-W49,-6.533333333333333
Montana,2020-W50,-7.8533333333333335
Montana,2020-W51,-3.0
Montana,2020-W52,-10.680555555555555
Montana,2020-W53,1.0465116279069768
Nebraska,2020-W07,9.774193548387096
Nebraska,2020-W08,3.222707423580786
Nebraska,2020-W09,7.729257641921397
Nebraska,2020-W10,10.318777292576419
Nebraska,2020-W11,1.1158798283261802
Nebraska,2020-W12,-23.240816326530613
Nebraska,2020-W13,-29.508196721311474
Nebraska,2020-W14,-31.946058091286307
Nebraska,2020-W15,-39.53488372093023
Nebraska,2020-W16,-30.931818181818183
Nebraska,2020-W17,-24.482758620689655
Nebraska,2020-W18,-19.942528735632184
Nebraska,2020-W19,-16.82758620689655
Nebraska,2020-W20,-16.93
Nebraska,2020-W21,-11.25
Nebraska,2020-W22,-11.20754716981132
Nebraska,2020-W23,-3.925233644859813
Nebraska,2020-W24,-4.252336448598131
Nebraska,2020-W25,-1.158878504672897
Nebraska,2020-W26,-0.719626168224299
Nebraska,2020-W27,1.1759259259259258
Nebraska,2020-W28,-0.3177570093457944
Nebraska,2020-W29,-1.6203703703703705
Nebraska,2020-W30,-2.869158878504673
Nebraska,2020-W31,-1.1388888888888888
Nebraska,2020-W32,1.0186915887850467
Nebraska,2020-W33,2.7850467289719627
Nebraska,2020-W34,-6.533333333333333
Nebraska,2020-W35,-7.0
Nebraska,2020-W36,-4.766666666666667
Nebraska,2020-W37,-3.4761904761904763
Nebraska,2020-W38,1.2242990654205608
Nebraska,2020-W39,-0.7570093457943925
Nebraska,2020-W40,0.5233644859813084
Nebraska,2020-W41,-2.130841121495327
Nebraska,2020-W42,-3.411214953271028
Nebraska,2020-W43,-8.46788990825688
Nebraska,2020-W44,-5.401869158878505
Nebraska,2020-W45,-6.757009345794392
Nebraska,2020-W46,-12.694444444444445
Nebraska,2020-W47,-11.148148148148149
Nebraska,2020-W48,-17.065420560747665
Nebraska,2020-W49,-7.675925925925926
Nebraska,2020-W50,-10.30841121495327
Nebraska,2020-W51,-4.514018691588785
Nebraska,2020-W52,-13.961904761904762
Nebraska,2020-W53,-6.183333333333334
Nevada,2020-W07,6.590909090909091
Nevada,2020-W08,5.48051948051948
Nevada,2020-W09,6.8354430379746836
Nevada,2020-W10,8.558441558441558
Nevada,2020-W11,3.7435897435897436
Nevada,2020-W12,-25.604938271604937
Nevada,2020-W13,-37.56410256410256
Nevada,2020-W14,-38.01282051282051
Nevada,2020-W15,-39.94915254237288
Nevada,2020-W16,-31.258064516129032
Nevada,2020-W17,-28.60655737704918
Nevada,2020-W18,-22.672131147540984
Nevada,2020-W19,-19.37704918032787
Nevada,2020-W20,-18.415384615384614
Nevada,2020-W21,-12.985074626865671
Nevada,2020-W22,-11.276923076923078
Nevada,2020-W23,-3.246376811594203
Nevada,2020-W24,-1.608695652173913
Nevada,2020-W25,-0.29411764705882354
Nevada,2020-W26,-1.955223880597015
Nevada,2020-W27,1.2428571428571429
Nevada,2020-W28,-2.8333333333333335
Nevada,2020-W29,-3.5588235294117645
Nevada,2020-W30,-4.507462686567164
Nevada,2020-W31,-5.0144927536231885
Nevada,2020-W32,-3.1285714285714286
Nevada,2020-W33,-5.647058823529412
Nevada,2020-W34,-15.91304347826087
Nevada,2020-W35,-16.608695652173914
Nevada,2020-W36,-13.608695652173912
Nevada,2020-W37,-9.609756097560975
Nevada,2020-W38,-4.928571428571429
Nevada,2020-W39,-6.4
Nevada,2020-W40,-5.614285714285714
Nevada,2020-W41,-6.434782608695652
Nevada,2020-W42,-5.27536231884058
Nevada,2020-W43,-5.385714285714286
Nevada,2020-W44,-4.885714285714286
Nevada,2020-W45,-9.289855072463768
Nevada,2020-W46,-10.420289855072463
Nevada,2020-W47,-11.695652173913043
Nevada,2020-W48,-18.405797101449274
Nevada,2020-W49,-12.333333333333334
Nevada,2020-W50,-14.18840579710145
Nevada,2020-W51,-10.285714285714286
Nevada,2020-W52,-15.371428571428572
Nevada,2020-W53,-2.925
New Hampshire,2020-W07,10.363636363636363
New Hampshire,2020-W08,7.116883116883117
New Hampshire,2020-W09,6.935064935064935
New Hampshire,2020-W10,7.987012987012987
New Hampshire,2020-W11,3.688311688311688
New Hampshire,2020-W12,-25.805194805194805
New Hampshire,2020-W13,-40.62337662337662
New Hampshire,2020-W14,-41.8051948051948
New Hampshire,2020-W15,-42.791666666666664
New Hampshire,2020-W16,-35.80555555555556
New Hampshire,2020-W17,-32.75
New Hampshire,2020-W18,-27.166666666666668
New Hampshire,2020-W19,-23.11111111111111
New Hampshire,2020-W20,-18.56756756756757
New Hampshire,2020-W21,-4.48051948051948
New Hampshire,2020-W22,-4.753246753246753
New Hampshire,2020-W23,-3.103896103896104
New Hampshire,2020-W24,0.18181818181818182
New Hampshire,2020-W25,7.181818181818182
New Hampshire,2020-W26,6.454545454545454
New Hampshire,2020-W27,12.818181818181818
New Hampshire,2020-W28,11.454545454545455
New Hampshire,2020-W29,10.74025974025974
New Hampshire,2020-W30,12.506493506493506
New Hampshire,2020-W31,13.714285714285714
New Hampshire,2020-W32,13.948051948051948
New Hampshire,2020-W33,13.831168831168831
New Hampshire,2020-W34,-1.5675675675675675
New Hampshire,2020-W35,-1.7222222222222223
New Hampshire,2020-W36,-0.34285714285714286
New Hampshire,2020-W37,3.1176470588235294
New Hampshire,2020-W38,6.701298701298701
New Hampshire,2020-W39,5.766233766233766
New Hampshire,2020-W40,8.064935064935066
New Hampshire,2020-W41,8.96103896103896
New Hampshire,2020-W42,2.5584415584415585
New Hampshire,2020-W43,-1.9610389610389611
New Hampshire,2020-W44,-8.233766233766234
New Hampshire,2020-W45,-6.12987012987013
New Hampshire,2020-W46,-7.740259740259741
New Hampshire,2020-W47,-12.233766233766234
New Hampshire,2020-W48,-17.818181818181817
New Hampshire,2020-W49,-14.831168831168831
New Hampshire,2020-W50,-11.03896103896104
New Hampshire,2020-W51,-13.896103896103897
New Hampshire,2020-W52,-11.974025974025974
New Hampshire,2020-W53,3.727272727272727
New Jersey,2020-W07,5.909090909090909
New Jersey,2020-W08,5.532467532467533
New Jersey,2020-W09,4.136363636363637
New Jersey,2020-W10,6.935064935064935
New Jersey,2020-W11,2.883116883116883
New Jersey,2020-W12,-31.753246753246753
New Jersey,2020-W13,-50.603896103896105
New Jersey,2020-W14,-52.88961038961039
New Jersey,2020-W15,-59.396103896103895
New Jersey,2020-W16,-57.48701298701299
New Jersey,2020-W17,-56.24025974025974
New Jersey,2020-W18,-49.422077922077925
New Jersey,2020-W19,-44.66233766233766
New Jersey,2020-W20,-41.324675324675326
New Jersey,2020-W21,-38.01298701298701
New Jersey,2020-W22,-35.675324675324674
New Jersey,2020-W23,-32.05844155844156
New Jersey,2020-W24,-27.357142857142858
New Jersey,2020-W25,-20.103896103896105
New Jersey,2020-W26,-16.0
New Jersey,2020-W27,-10.532467532467532
New Jersey,2020-W28,-14.376623376623376
New Jersey,2020-W29,-7.538961038961039
New Jersey,2020-W30,-8.980519480519481
New Jersey,2020-W31,-7.396103896103896
New Jersey,2020-W32,-7.396103896103896
New Jersey,2020-W33,-7.590909090909091
New Jersey,2020-W34,-16.496062992125985
New Jersey,2020-W35,-16.9140625
New Jersey,2020-W36,-13.259842519685039
New Jersey,2020-W37,-11.220588235294118
New Jersey,2020-W38,-8.214285714285714
New Jersey,2020-W39,-9.545454545454545
New Jersey,2020-W40,-11.435064935064934
New Jersey,2020-W41,-12.993506493506494
New Jersey,2020-W42,-15.577922077922079
New Jersey,2020-W43,-14.38961038961039
New Jersey,2020-W44,-18.649350649350648
New Jersey,2020-W45,-14.363636363636363
New Jersey,2020-W46,-19.253246753246753
New Jersey,2020-W47,-19.694805194805195
New Jersey,2020-W48,-22.11038961038961
New Jersey,2020-W49,-21.772727272727273
New Jersey,2020-W50,-19.305194805194805
New Jersey,2020-W51,-22.675324675324674
New Jersey,2020-W52,-20.40909090909091
New Jersey,2020-W53,-8.943181818181818
New Mexico,2020-W07,8.981481481481481
New Mexico,2020-W08,2.418848167539267
New Mexico,2020-W09,11.116402116402117
New Mexico,2020-W10,13.052631578947368
New Mexico,2020-W11,9.423280423280424
New Mexico,2020-W12,-18.304123711340207
New Mexico,2020-W13,-38.204081632653065
New Mexico,2020-W14,-35.142131979695435
New Mexico,2020-W15,-39.775862068965516
New Mexico,2020-W16,-33.35294117647059
New Mexico,2020-W17,-28.732758620689655
New Mexico,2020-W18,-24.189655172413794
New Mexico,2020-W19,-23.96551724137931
New Mexico,2020-W20,-22.541984732824428
New Mexico,2020-W21,-16.80952380952381
New Mexico,2020-W22,-18.14765100671141
New Mexico,2020-W23,-9.324324324324325
New Mexico,2020-W24,-9.426666666666666
New Mexico,2020-W25,-8.273333333333333
New Mexico,2020-W26,-8.570469798657719
New Mexico,2020-W27,-6.74496644295302
New Mexico,2020-W28,-9.664429530201343
New Mexico,2020-W29,-14.25503355704698
New Mexico,2020-W30,-14.697986577181208
New Mexico,2020-W31,-12.846666666666666
New Mexico,2020-W32,-12.093959731543624
New Mexico,2020-W33,-14.114093959731544
New Mexico,2020-W34,-19.098039215686274
New Mexico,2020-W35,-18.9
New Mexico,2020-W36,-14.56
New Mexico,2020-W37,-15.23076923076923
New Mexico,2020-W38,-13.483443708609272
New Mexico,2020-W39,-15.771812080536913
New Mexico,2020-W40,-14.033333333333333
New Mexico,2020-W41,-14.874172185430464
New Mexico,2020-W42,-16.337748344370862
New Mexico,2020-W43,-19.026490066225165
New Mexico,2020-W44,-24.106666666666666
New Mexico,2020-W45,-21.568627450980394
New Mexico,2020-W46,-24.05921052631579
New Mexico,2020-W47,-38.287581699346404
New Mexico,2020-W48,-43.09395973154363
New Mexico,2020-W49,-32.0
New Mexico,2020-W50,-33.25974025974026
New Mexico,2020-W51,-25.42105263157895
New Mexico,2020-W52,-28.5
New Mexico,2020-W53,-17.790697674418606
New York,2020-W07,10.71774193548387
New York,2020-W08,6.6336405529953915
New York,2020-W09,6.2949308755760365
New York,2020-W10,11.004608294930875
New York,2020-W11,5.131336405529954
New York,2020-W12,-27.55990783410138
New York,2020-W13,-46.62903225806452
New York,2020-W14,-43.016129032258064
New York,2020-W15,-52.831428571428575
New York,2020-W16,-49.84045584045584
New York,2020-W17,-48.13960113960114
New York,2020-W18,-39.91954022988506
New York,2020-W19,-37.931232091690546
New York,2020-W20,-34.076719576719576
New York,2020-W21,-25.454545454545453
New York,2020-W22,-27.102756892230577
New York,2020-W23,-22.28787878787879
New York,2020-W24,-17.59351620947631
New York,2020-W25,-12.40694789081886
New York,2020-W26,-11.885
New York,2020-W27,-6.708333333333333
New York,2020-W28,-7.605911330049261
New York,2020-W29,-6.408415841584159
New York,2020-W30,-5.513513513513513
New York,2020-W31,-4.478048780487805
New York,2020-W32,-4.226829268292683
New York,2020-W33,-4.128953771289538
New York,2020-W34,-15.943181818181818
New York,2020-W35,-16.140449438202246
New York,2020-W36,-13.418079096045197
New York,2020-W37,-10.225454545454545
New York,2020-W38,-5.201946472019465
New York,2020-W39,-5.348780487804878
New York,2020-W40,-7.2073170731707314
New York,2020-W41,-7.3
New York,2020-W42,-9.982885085574573
New York,2020-W43,-12.340632603406325
New York,2020-W44,-14.517241379310345
New York,2020-W45,-12.93398533007335
New York,2020-W46,-15.598039215686274
New York,2020-W47,-17.720588235294116
New York,2020-W48,-23.472906403940886
New York,2020-W49,-18.884520884520885
New York,2020-W50,-18.98768472906404
New York,2020-W51,-22.606879606879605
New York,2020-W52,-22.04228855721393
New York,2020-W53,-12.095652173913043
North Carolina,2020-W07,4.983695652173913
North Carolina,2020-W08,-0.8419452887537994
North Carolina,2020-W09,10.489329268292684
North Carolina,2020-W10,12.445121951219512
North Carolina,2020-W11,8.429438543247345
North Carolina,2020-W12,-18.146747352496217
North Carolina,2020-W13,-28.527987897125566
North Carolina,2020-W14,-33.665158371040725
North Carolina,2020-W15,-35.577167019027485
North Carolina,2020-W16,-26.217299578059073
North Carolina,2020-W17,-26.08033826638478
North Carolina,2020-W18,-16.70762711864407
North Carolina,2020-W19,-13.565957446808511
North Carolina,2020-W20,-12.86317907444668
North Carolina,2020-W21,-13.341698841698841
North Carolina,2020-W22,-7.3865384615384615
North Carolina,2020-W23,0.20930232558139536
North Carolina,2020-W24,-0.9766990291262136
North Carolina,2020-W25,-2.7693798449612403
North Carolina,2020-W26,-1.5650485436893204
North Carolina,2020-W27,0.5714285714285714
North Carolina,2020-W28,-1.1650485436893203
North Carolina,2020-W29,-1.7596899224806202
North Carolina,2020-W30,-2.556201550387597
North Carolina,2020-W31,-1.254863813229572
North Carolina,2020-W32,-3.0700389105058368
North Carolina,2020-W33,-3.128846153846154
North Carolina,2020-W34,-12.068181818181818
North Carolina,2020-W35,-12.411764705882353
North Carolina,2020-W36,-8.93953488372093
North Carolina,2020-W37,-7.472140762463343
North Carolina,2020-W38,-4.184108527131783
North Carolina,2020-W39,-5.064077669902913
North Carolina,2020-W40,-2.612403100775194
North Carolina,2020-W41,-6.178640776699029
North Carolina,2020-W42,-3.596116504854369
North Carolina,2020-W43,-5.106796116504855
North Carolina,2020-W44,-4.340425531914893
North Carolina,2020-W45,-4.543520309477756
North Carolina,2020-W46,-8.544401544401545
North Carolina,2020-W47,-7.788461538461538
North Carolina,2020-W48,-14.383720930232558
North Carolina,2020-W49,-7.648076923076923
North Carolina,2020-W50,-9.648076923076923
North Carolina,2020-W51,-10.212927756653992
North Carolina,2020-W52,-15.421875
North Carolina,2020-W53,-1.3888888888888888
North Dakota,2020-W07,6.5
North Dakota,2020-W08,4.963963963963964
North Dakota,2020-W09,6.4766355140186915
North Dakota,2020-W10,9.961904761904762
North Dakota,2020-W11,3.669811320754717
North Dakota,2020-W12,-27.636363636363637
North Dakota,2020-W13,-39.827586206896555
North Dakota,2020-W14,-45.127272727272725
North Dakota,2020-W15,-44.05882352941177
North Dakota,2020-W16,-37.19607843137255
North Dakota,2020-W17,-32.11764705882353
North Dakota,2020-W18,-22.82
North Dakota,2020-W19,-15.54
North Dakota,2020-W20,-11.981818181818182
North Dakota,2020-W21,-5.0
North Dakota,2020-W22,-4.838709677419355
North Dakota,2020-W23,0.5238095238095238
North Dakota,2020-W24,0.47692307692307695
North Dakota,2020-W25,2.212121212121212
North Dakota,2020-W26,1.9242424242424243
North Dakota,2020-W27,-0.796875
North Dakota,2020-W28,0.9701492537313433
North Dakota,2020-W29,0.25757575757575757
North Dakota,2020-W30,-1.9242424242424243
North Dakota,2020-W31,-1.0746268656716418
North Dakota,2020-W32,-2.1666666666666665
North Dakota,2020-W33,-1.1515151515151516
North Dakota,2020-W34,-3.9523809523809526
North Dakota,2020-W35,-5.285714285714286
North Dakota,2020-W36,-6.666666666666667
North Dakota,2020-W37,-7.538461538461538
North Dakota,2020-W38,-5.104477611940299
North Dakota,2020-W39,-8.705882352941176
North Dakota,2020-W40,-8.808823529411764
North Dakota,2020-W41,-9.06060606060606
North Dakota,2020-W42,-11.235294117647058
North Dakota,2020-W43,-14.424242424242424
North Dakota,2020-W44,-13.272727272727273
North Dakota,2020-W45,-15.338235294117647
North Dakota,2020-W46,-20.28787878787879
North Dakota,2020-W47,-21.21212121212121
North Dakota,2020-W48,-24.37704918032787
North Dakota,2020-W49,-15.296875
North Dakota,2020-W50,-15.742424242424242
North Dakota,2020-W51,-12.492537313432836
North Dakota,2020-W52,-24.6984126984127
North Dakota,2020-W53,-9.25
Ohio,2020-W07,6.456140350877193
Ohio,2020-W08,5.541390728476821
Ohio,2020-W09,8.407284768211921
Ohio,2020-W10,13.221854304635762
Ohio,2020-W11,6.201986754966887
Ohio,2020-W12,-26.654664484451718
Ohio,2020-W13,-40.34697217675941
Ohio,2020-W14,-35.50819672131148
Ohio,2020-W15,-39.169934640522875
Ohio,2020-W16,-31.545652173913044
Ohio,2020-W17,-27.287280701754387
Ohio,2020-W18,-18.724061810154524
Ohio,2020-W19,-17.889135254988915
Ohio,2020-W20,-14.152439024390244
Ohio,2020-W21,-6.414312617702448
Ohio,2020-W22,-1.1704545454545454
Ohio,2020-W23,3.534090909090909
Ohio,2020-W24,4.1856060606060606
Ohio,2020-W25,4.485822306238186
Ohio,2020-W26,2.520754716981132
Ohio,2020-W27,4.877126654064273
Ohio,2020-W28,3.43609022556391
Ohio,2020-W29,1.8120300751879699
Ohio,2020-W30,-0.6823308270676691
Ohio,2020-W31,-0.693609022556391
Ohio,2020-W32,2.5469924812030076
Ohio,2020-W33,0.5235404896421846
Ohio,2020-W34,-5.294736842105263
Ohio,2020-W35,-7.147368421052631
Ohio,2020-W36,-4.242105263157895
Ohio,2020-W37,-3.806646525679758
Ohio,2020-W38,2.2752808988764044
Ohio,2020-W39,0.5722326454033771
Ohio,2020-W40,-1.4634146341463414
Ohio,2020-W41,-2.1388367729831144
Ohio,2020-W42,-3.7327102803738317
Ohio,2020-W43,-6.714018691588785
Ohio,2020-W44,-7.057728119180633
Ohio,2020-W45,-5.164485981308411
Ohio,2020-W46,-8.919776119402986
Ohio,2020-W47,-12.983271375464684
Ohio,2020-W48,-18.81121495327103
Ohio,2020-W49,-13.104089219330856
Ohio,2020-W50,-10.191094619666048
Ohio,2020-W51,-9.804832713754648
Ohio,2020-W52,-16.63653483992467
Ohio,2020-W53,-1.7105263157894737
Oklahoma,2020-W07,4.2894736842105265
Oklahoma,2020-W08,2.5364077669902914
Oklahoma,2020-W09,15.014598540145986
Oklahoma,2020-W10,15.583743842364532
Oklahoma,2020-W11,10.25916870415648
Oklahoma,2020-W12,-12.164677804295943
Oklahoma,2020-W13,-22.26014319809069
Oklahoma,2020-W14,-27.574821852731592
Oklahoma,2020-W15,-30.697674418604652
Oklahoma,2020-W16,-21.66046511627907
Oklahoma,2020-W17,-15.407582938388625
Oklahoma,2020-W18,-4.947115384615385
Oklahoma,2020-W19,0.4878048780487805
Oklahoma,2020-W20,-3.495798319327731
Oklahoma,2020-W21,4.159090909090909
Oklahoma,2020-W22,0.8082706766917294
Oklahoma,2020-W23,8.240458015267176
Oklahoma,2020-W24,6.462121212121212
Oklahoma,2020-W25,5.348484848484849
Oklahoma,2020-W26,4.071428571428571
Oklahoma,2020-W27,6.21455938697318
Oklahoma,2020-W28,2.0568181818181817
Oklahoma,2020-W29,1.1766917293233083
Oklahoma,2020-W30,-0.690566037735849
Oklahoma,2020-W31,0.654275092936803
Oklahoma,2020-W32,3.411985018726592
Oklahoma,2020-W33,1.8141263940520447
Oklahoma,2020-W34,-7.782608695652174
Oklahoma,2020-W35,-8.826086956521738
Oklahoma,2020-W36,-7.088888888888889
Oklahoma,2020-W37,-4.25
Oklahoma,2020-W38,0.6468401486988847
Oklahoma,2020-W39,-0.9407407407407408
Oklahoma,2020-W40,2.8925925925925924
Oklahoma,2020-W41,-0.3694029850746269
Oklahoma,2020-W42,-1.758364312267658
Oklahoma,2020-W43,-3.8438661710037176
Oklahoma,2020-W44,-4.977777777777778
Oklahoma,2020-W45,-0.44569288389513106
Oklahoma,2020-W46,-4.992509363295881
Oklahoma,2020-W47,-6.609665427509293
Oklahoma,2020-W48,-15.319548872180452
Oklahoma,2020-W49,-4.401486988847584
Oklahoma,2020-W50,-7.756363636363637
Oklahoma,2020-W51,-5.1
Oklahoma,2020-W52,-9.782442748091603
Oklahoma,2020-W53,-0.19736842105263158
Oregon,2020-W07,10.333333333333334
Oregon,2020-W08,8.227906976744187
Oregon,2020-W09,12.868544600938968
Oregon,2020-W10,11.179245283018869
Oregon,2020-W11,4.230046948356808
Oregon,2020-W12,-20.705882352941178
Oregon,2020-W13,-43.223214285714285
Oregon,2020-W14,-40.022624434389144
Oregon,2020-W15,-38.29375
Oregon,2020-W16,-30.043478260869566
Oregon,2020-W17,-30.335403726708076
Oregon,2020-W18,-24.566037735849058
Oregon,2020-W19,-19.879746835443036
Oregon,2020-W20,-21.227777777777778
Oregon,2020-W21,-9.868686868686869
Oregon,2020-W22,-6.785
Oregon,2020-W23,-0.5858585858585859
Oregon,2020-W24,-0.21890547263681592
Oregon,2020-W25,3.425
Oregon,2020-W26,5.415
Oregon,2020-W27,7.278606965174129
Oregon,2020-W28,6.06
Oregon,2020-W29,6.6020408163265305
Oregon,2020-W30,7.555
Oregon,2020-W31,7.383084577114428
Oregon,2020-W32,8.388059701492537
Oregon,2020-W33,6.213930348258707
Oregon,2020-W34,-11.233766233766234
Oregon,2020-W35,-11.644736842105264
Oregon,2020-W36,-9.197368421052632
Oregon,2020-W37,-13.728
Oregon,2020-W38,-3.485
Oregon,2020-W39,-3.46
Oregon,2020-W40,0.7487437185929648
Oregon,2020-W41,-2.442786069651741
Oregon,2020-W42,-3.475
Oregon,2020-W43,-4.185
Oregon,2020-W44,-4.02
Oregon,2020-W45,-7.134328358208955
Oregon,2020-W46,-10.165829145728644
Oregon,2020-W47,-19.13131313131313
Oregon,2020-W48,-24.661616161616163
Oregon,2020-W49,-16.645
Oregon,2020-W50,-18.575
Oregon,2020-W51,-16.90954773869347
Oregon,2020-W52,-21.63819095477387
Oregon,2020-W53,-9.88695652173913
Pennsylvania,2020-W07,8.0078125
Pennsylvania,2020-W08,5.371937639198218
Pennsylvania,2020-W09,7.6466666666666665
Pennsylvania,2020-W10,11.167037861915368
Pennsylvania,2020-W11,6.82
Pennsylvania,2020-W12,-28.615044247787612
Pennsylvania,2020-W13,-44.205298013245034
Pennsylvania,2020-W14,-42.58093126385809
Pennsylvania,2020-W15,-46.42296918767507
Pennsylvania,2020-W16,-39.983379501385045
Pennsylvania,2020-W17,-38.5828729281768
Pennsylvania,2020-W18,-29.963687150837988
Pennsylvania,2020-W19,-27.09269662921348
Pennsylvania,2020-W20,-23.705426356589147
Pennsylvania,2020-W21,-16.42270531400966
Pennsylvania,2020-W22,-15.621026894865526
Pennsylvania,2020-W23,-8.187347931873479
Pennsylvania,2020-W24,-3.7230392156862746
Pennsylvania,2020-W25,-1.4804878048780488
Pennsylvania,2020-W26,-1.156479217603912
Pennsylvania,2020-W27,1.8014705882352942
Pennsylvania,2020-W28,0.3056234718826406
Pennsylvania,2020-W29,-1.1838235294117647
Pennsylvania,2020-W30,-2.2004889975550124
Pennsylvania,2020-W31,-0.7111650485436893
Pennsylvania,2020-W32,-0.7804878048780488
Pennsylvania,2020-W33,-0.3872549019607843
Pennsylvania,2020-W34,-8.17098445595855
Pennsylvania,2020-W35,-9.061855670103093
Pennsylvania,2020-W36,-8.119170984455959
Pennsylvania,2020-W37,-7.197183098591549
Pennsylvania,2020-W38,-1.2912621359223302
Pennsylvania,2020-W39,-2.767554479418886
Pennsylvania,2020-W40,-2.859903381642512
Pennsylvania,2020-W41,-4.128640776699029
Pennsylvania,2020-W42,-4.96144578313253
Pennsylvania,2020-W43,-7.363855421686747
Pennsylvania,2020-W44,-9.779376498800959
Pennsylvania,2020-W45,-7.385542168674699
Pennsylvania,2020-W46,-10.692307692307692
Pennsylvania,2020-W47,-13.019184652278177
Pennsylvania,2020-W48,-19.766265060240965
Pennsylvania,2020-W49,-14.632850241545894
Pennsylvania,2020-W50,-16.243961352657006
Pennsylvania,2020-W51,-24.987893462469735
Pennsylvania,2020-W52,-24.07598039215686
Pennsylvania,2020-W53,-11.336170212765957
Rhode Island,2020-W07,6.583333333333333
Rhode Island,2020-W08,7.666666666666667
Rhode Island,2020-W09,8.0
Rhode Island,2020-W10,8.261904761904763
Rhode Island,2020-W11,3.857142857142857
Rhode Island,2020-W12,-30.38095238095238
Rhode Island,2020-W13,-43.23809523809524
Rhode Island,2020-W14,-46.333333333333336
Rhode Island,2020-W15,-46.2972972972973
Rhode Island,2020-W16,-42.486486486486484
Rhode Island,2020-W17,-40.62162162162162
Rhode Island,2020-W18,-33.37837837837838
Rhode Island,2020-W19,-28.54054054054054
Rhode Island,2020-W20,-23.692307692307693
Rhode Island,2020-W21,-16.214285714285715
Rhode Island,2020-W22,-12.095238095238095
Rhode Island,2020-W23,-4.4523809523809526
Rhode Island,2020-W24,1.0238095238095237
Rhode Island,2020-W25,6.595238095238095
Rhode Island,2020-W26,4.023809523809524
Rhode Island,2020-W27,6.119047619047619
Rhode Island,2020-W28,7.880952380952381
Rhode Island,2020-W29,7.523809523809524
Rhode Island,2020-W30,7.595238095238095
Rhode Island,2020-W31,8.30952380952381
Rhode Island,2020-W32,5.738095238095238
Rhode Island,2020-W33,1.8333333333333333
Rhode Island,2020-W34,-6.043478260869565
Rhode Island,2020-W35,-8.347826086956522
Rhode Island,2020-W36,-4.166666666666667
Rhode Island,2020-W37,-1.935483870967742
Rhode Island,2020-W38,-0.023809523809523808
Rhode Island,2020-W39,-1.7857142857142858
Rhode Island,2020-W40,-3.738095238095238
Rhode Island,2020-W41,-6.214285714285714
Rhode Island,2020-W42,-11.166666666666666
Rhode Island,2020-W43,-9.142857142857142
Rhode Island,2020-W44,-16.523809523809526
Rhode Island,2020-W45,-10.761904761904763
Rhode Island,2020-W46,-15.0
Rhode Island,2020-W47,-17.214285714285715
Rhode Island,2020-W48,-24.666666666666668
Rhode Island,2020-W49,-23.928571428571427
Rhode Island,2020-W50,-20.404761904761905
Rhode Island,2020-W51,-23.80952380952381
Rhode Island,2020-W52,-22.19047619047619
Rhode Island,2020-W53,-11.0
South Carolina,2020-W07,3.4651162790697674
South Carolina,2020-W08,0.8725490196078431
South Carolina,2020-W09,12.463815789473685
South Carolina,2020-W10,10.872549019607844
South Carolina,2020-W11,9.928104575163399
South Carolina,2020-W12,-17.04823151125402
South Carolina,2020-W13,-29.93968253968254
South Carolina,2020-W14,-29.003205128205128
South Carolina,2020-W15,-39.0990099009901
South Carolina,2020-W16,-27.24137931034483
South Carolina,2020-W17,-25.15609756097561
South Carolina,2020-W18,-15.08955223880597
South Carolina,2020-W19,-10.61
South Carolina,2020-W20,-8.34862385321101
South Carolina,2020-W21,-6.137931034482759
South Carolina,2020-W22,-6.431034482758621
South Carolina,2020-W23,0.591304347826087
South Carolina,2020-W24,-1.4545454545454546
South Carolina,2020-W25,-0.8491379310344828
South Carolina,2020-W26,-2.788793103448276
South Carolina,2020-W27,-0.6681034482758621
South Carolina,2020-W28,-5.343347639484978
South Carolina,2020-W29,-5.643776824034335
South Carolina,2020-W30,-6.619658119658119
South Carolina,2020-W31,-5.047210300429184
South Carolina,2020-W32,-6.753246753246753
South Carolina,2020-W33,-7.362068965517241
South Carolina,2020-W34,-9.42608695652174
South Carolina,2020-W35,-9.89655172413793
South Carolina,2020-W36,-5.2368421052631575
South Carolina,2020-W37,-8.579268292682928
South Carolina,2020-W38,-7.564655172413793
South Carolina,2020-W39,-6.865800865800866
South Carolina,2020-W40,-2.978448275862069
South Carolina,2020-W41,-6.116883116883117
South Carolina,2020-W42,-5.515021459227468
South Carolina,2020-W43,-6.952586206896552
South Carolina,2020-W44,-6.025974025974026
South Carolina,2020-W45,-5.886956521739131
South Carolina,2020-W46,-9.254310344827585
South Carolina,2020-W47,-7.489270386266094
South Carolina,2020-W48,-13.502164502164502
South Carolina,2020-W49,-5.627705627705628
South Carolina,2020-W50,-7.366379310344827
South Carolina,2020-W51,-6.642241379310345
South Carolina,2020-W52,-12.568281938325992
South Carolina,2020-W53,1.0227272727272727
South Dakota,2020-W07,8.457142857142857
South Dakota,2020-W08,1.631578947368421
South Dakota,2020-W09,4.320610687022901
South Dakota,2020-W10,10.162790697674419
South Dakota,2020-W11,-0.6589147286821705
South Dakota,2020-W12,-20.492753623188406
South Dakota,2020-W13,-34.84137931034483
South Dakota,2020-W14,-39.56944444444444
South Dakota,2020-W15,-41.85964912280702
South Dakota,2020-W16,-34.0
South Dakota,2020-W17,-27.70909090909091
South Dakota,2020-W18,-18.296296296296298
South Dakota,2020-W19,-14.592592592592593
South Dakota,2020-W20,-11.06060606060606
South Dakota,2020-W21,-1.6233766233766234
South Dakota,2020-W22,-0.5584415584415584
South Dakota,2020-W23,4.315789473684211
South Dakota,2020-W24,6.4
South Dakota,2020-W25,10.460526315789474
South Dakota,2020-W26,10.226666666666667
South Dakota,2020-W27,12.786666666666667
South Dakota,2020-W28,12.173333333333334
South Dakota,2020-W29,12.866666666666667
South Dakota,2020-W30,12.08
South Dakota,2020-W31,12.866666666666667
South Dakota,2020-W32,18.986666666666668
South Dakota,2020-W33,22.546666666666667
South Dakota,2020-W34,11.333333333333334
South Dakota,2020-W35,9.0
South Dakota,2020-W36,11.428571428571429
South Dakota,2020-W37,5.933333333333334
South Dakota,2020-W38,7.1466666666666665
South Dakota,2020-W39,4.092105263157895
South Dakota,2020-W40,3.4155844155844157
South Dakota,2020-W41,1.763157894736842
South Dakota,2020-W42,-0.7307692307692307
South Dakota,2020-W43,-10.50632911392405
South Dakota,2020-W44,-3.2948717948717947
South Dakota,2020-W45,-4.884615384615385
South Dakota,2020-W46,-10.5625
South Dakota,2020-W47,-8.265822784810126
South Dakota,2020-W48,-15.282051282051283
South Dakota,2020-W49,-6.139240506329114
South Dakota,2020-W50,-6.7125
South Dakota,2020-W51,-3.55
South Dakota,2020-W52,-17.474358974358974
South Dakota,2020-W53,-0.9565217391304348
Tennessee,2020-W07,7.248447204968944
Tennessee,2020-W08,1.979416809605489
Tennessee,2020-W09,11.76896551724138
Tennessee,2020-W10,15.229965156794425
Tennessee,2020-W11,7.2075471698113205
Tennessee,2020-W12,-13.18918918918919
Tennessee,2020-W13,-25.7020202020202
Tennessee,2020-W14,-28.446127946127945
Tennessee,2020-W15,-35.327044025157235
Tennessee,2020-W16,-22.009345794392523
Tennessee,2020-W17,-21.5
Tennessee,2020-W18,-7.4
Tennessee,2020-W19,-2.262135922330097
Tennessee,2020-W20,-0.9088235294117647
Tennessee,2020-W21,1.3198924731182795
Tennessee,2020-W22,1.6997319034852547
Tennessee,2020-W23,6.873994638069705
Tennessee,2020-W24,5.64343163538874
Tennessee,2020-W25,6.436997319034853
Tennessee,2020-W26,3.158176943699732
Tennessee,2020-W27,4.855614973262032
Tennessee,2020-W28,2.5603217158176945
Tennessee,2020-W29,1.7238605898123325
Tennessee,2020-W30,-0.43466666666666665
Tennessee,2020-W31,2.292225201072386
Tennessee,2020-W32,2.809651474530831
Tennessee,2020-W33,-0.9865951742627346
Tennessee,2020-W34,-5.940298507462686
Tennessee,2020-W35,-7.17910447761194
Tennessee,2020-W36,-2.969924812030075
Tennessee,2020-W37,-3.6666666666666665
Tennessee,2020-W38,0.6327077747989276
Tennessee,2020-W39,-2.254691689008043
Tennessee,2020-W40,0.8736559139784946
Tennessee,2020-W41,-2.8613333333333335
Tennessee,2020-W42,-1.0641711229946524
Tennessee,2020-W43,-2.155495978552279
Tennessee,2020-W44,-1.4358288770053476
Tennessee,2020-W45,-1.3529411764705883
Tennessee,2020-W46,-3.7245989304812834
Tennessee,2020-W47,-5.037533512064343
Tennessee,2020-W48,-11.790450928381963
Tennessee,2020-W49,-4.471849865951743
Tennessee,2020-W50,-4.696808510638298
Tennessee,2020-W51,-3.952
Tennessee,2020-W52,-12.243967828418231
Tennessee,2020-W53,6.349282296650718
Texas,2020-W07,6.9222222222222225
Texas,2020-W08,2.187111801242236
Texas,2020-W09,12.698512137823023
Texas,2020-W10,13.095911949685535
Texas,2020-W11,11.695993715632364
Texas,2020-W12,-15.129402756508423
Texas,2020-W13,-28.59725400457666
Texas,2020-W14,-34.510654490106546
Texas,2020-W15,-38.0463768115942
Texas,2020-W16,-29.04057971014493
Texas,2020-W17,-25.156976744186046
Texas,2020-W18,-18.276315789473685
Texas,2020-W19,-12.591508052708638
Texas,2020-W20,-13.650331125827815
Texas,2020-W21,-8.02889447236181
Texas,2020-W22,-8.222361809045227
Texas,2020-W23,-3.8743781094527363
Texas,2020-W24,-4.078260869565217
Texas,2020-W25,-4.669576059850374
Texas,2020-W26,-9.527295285359802
Texas,2020-W27,-8.875462392108508
Texas,2020-W28,-11.610837438423646
Texas,2020-W29,-11.206211180124223
Texas,2020-W30,-12.98766954377312
Texas,2020-W31,-9.705080545229244
Texas,2020-W32,-8.157568238213399
Texas,2020-W33,-9.72716049382716
Texas,2020-W34,-12.531055900621118
Texas,2020-W35,-14.643292682926829
Texas,2020-W36,-10.663551401869158
Texas,2020-W37,-10.646182495344506
Texas,2020-W38,-8.387730061349693
Texas,2020-W39,-11.60635696821516
Texas,2020-W40,-7.192118226600985
Texas,2020-W41,-9.312883435582823
Texas,2020-W42,-8.647630619684083
Texas,2020-W43,-9.533659730722155
Texas,2020-W44,-9.78361858190709
Texas,2020-W45,-9.086903304773562
Texas,2020-W46,-10.291666666666666
Texas,2020-W47,-11.015950920245398
Texas,2020-W48,-19.3390452876377
Texas,2020-W49,-10.00123609394314
Texas,2020-W50,-11.909876543209876
Texas,2020-W51,-8.99753086419753
Texas,2020-W52,-16.11417816813049
Texas,2020-W53,-8.823008849557523
Utah,2020-W07,11.317073170731707
Utah,2020-W08,8.843137254901961
Utah,2020-W09,11.10126582278481
Utah,2020-W10,15.254777070063694
Utah,2020-W11,12.596153846153847
Utah,2020-W12,-17.11320754716981
Utah,2020-W13,-31.432926829268293
Utah,2020-W14,-33.16969696969697
Utah,2020-W15,-36.55555555555556
Utah,2020-W16,-30.813953488372093
Utah,2020-W17,-24.894117647058824
Utah,2020-W18,-19.547619047619047
Utah,2020-W19,-12.867469879518072
Utah,2020-W20,-12.966666666666667
Utah,2020-W21,-2.9215686274509802
Utah,2020-W22,-1.8415841584158417
Utah,2020-W23,-2.98019801980198
Utah,2020-W24,-1.7821782178217822
Utah,2020-W25,1.35
Utah,2020-W26,1.029126213592233
Utah,2020-W27,3.019607843137255
Utah,2020-W28,3.2450980392156863
Utah,2020-W29,1.3529411764705883
Utah,2020-W30,0.1485148514851485
Utah,2020-W31,0.8415841584158416
Utah,2020-W32,2.5686274509803924
Utah,2020-W33,0.5196078431372549
Utah,2020-W34,-7.122448979591836
Utah,2020-W35,-7.204081632653061
Utah,2020-W36,-6.326530612244898
Utah,2020-W37,-2.1267605633802815
Utah,2020-W38,0.09523809523809523
Utah,2020-W39,-0.41346153846153844
Utah,2020-W40,-1.561904761904762
Utah,2020-W41,-1.8
Utah,2020-W42,-1.9514563106796117
Utah,2020-W43,-3.619047619047619
Utah,2020-W44,-5.3428571428571425
Utah,2020-W45,-8.673076923076923
Utah,2020-W46,-12.65
Utah,2020-W47,-11.227722772277227
Utah,2020-W48,-15.930693069306932
Utah,2020-W49,-8.875
Utah,2020-W50,-9.097087378640778
Utah,2020-W51,-5.754901960784314
Utah,2020-W52,-11.07
Utah,2020-W53,2.593220338983051
Vermont,2020-W07,17.96153846153846
Vermont,2020-W08,10.098901098901099
Vermont,2020-W09,7.164835164835165
Vermont,2020-W10,10.527472527472527
Vermont,2020-W11,1.4285714285714286
Vermont,2020-W12,-34.18681318681319
Vermont,2020-W13,-51.989010989010985
Vermont,2020-W14,-54.02197802197802
Vermont,2020-W15,-56.13513513513514
Vermont,2020-W16,-50.73684210526316
Vermont,2020-W17,-46.61538461538461
Vermont,2020-W18,-40.76315789473684
Vermont,2020-W19,-38.5
Vermont,2020-W20,-32.56896551724138
Vermont,2020-W21,-16.2875
Vermont,2020-W22,-19.31168831168831
Vermont,2020-W23,-15.5
Vermont,2020-W24,-12.506172839506172
Vermont,2020-W25,-7.0375
Vermont,2020-W26,-8.325
Vermont,2020-W27,-2.8227848101265822
Vermont,2020-W28,-4.1625
Vermont,2020-W29,-4.82051282051282
Vermont,2020-W30,-3.4050632911392404
Vermont,2020-W31,-2.8354430379746836
Vermont,2020-W32,-2.4430379746835444
Vermont,2020-W33,-1.3037974683544304
Vermont,2020-W34,-9.214285714285714
Vermont,2020-W35,-8.071428571428571
Vermont,2020-W36,-5.642857142857143
Vermont,2020-W37,-8.534883720930232
Vermont,2020-W38,-4.012658227848101
Vermont,2020-W39,-2.5316455696202533
Vermont,2020-W40,-0.6708860759493671
Vermont,2020-W41,2.3205128205128207
Vermont,2020-W42,-4.35
Vermont,2020-W43,-10.177215189873417
Vermont,2020-W44,-13.938271604938272
Vermont,2020-W45,-14.049382716049383
Vermont,2020-W46,-18.11111111111111
Vermont,2020-W47,-23.15
Vermont,2020-W48,-28.430379746835442
Vermont,2020-W49,-22.0
Vermont,2020-W50,-21.333333333333332
Vermont,2020-W51,-19.582278481012658
Vermont,2020-W52,-21.116883116883116
Vermont,2020-W53,-6.7555555555555555
Virginia,2020-W07,6.5
Virginia,2020-W08,3.4371108343711083
Virginia,2020-W09,9.74346201743462
Virginia,2020-W10,12.119047619047619
Virginia,2020-W11,6.853932584269663
Virginia,2020-W12,-18.877450980392158
Virginia,2020-W13,-32.48355663824604
Virginia,2020-W14,-34.64233576642336
Virginia,2020-W15,-39.44897959183673
Virginia,2020-W16,-33.38255033557047
Virginia,2020-W17,-32.921875
Virginia,2020-W18,-26.567264573991032
Virginia,2020-W19,-23.812641083521445
Virginia,2020-W20,-21.856565656565657
Virginia,2020-W21,-19.872897196261682
Virginia,2020-W22,-16.8
Virginia,2020-W23,-11.474766355140186
Virginia,2020-W24,-9.159474671669793
Virginia,2020-W25,-10.033519553072626
Virginia,2020-W26,-8.186567164179104
Virginia,2020-W27,-5.078947368421052
Virginia,2020-W28,-6.121722846441948
Virginia,2020-W29,-6.700934579439252
Virginia,2020-W30,-7.916044776119403
Virginia,2020-W31,-6.56015037593985
Virginia,2020-W32,-6.842990654205607
Virginia,2020-W33,-9.25233644859813
Virginia,2020-W34,-15.109452736318408
Virginia,2020-W35,-16.004901960784313
Virginia,2020-W36,-14.261083743842365
Virginia,2020-W37,-12.03206997084548
Virginia,2020-W38,-7.97378277153558
Virginia,2020-W39,-9.014869888475836
Virginia,2020-W40,-6.962406015037594
Virginia,2020-W41,-9.876635514018691
Virginia,2020-W42,-8.790654205607476
Virginia,2020-W43,-8.526119402985074
Virginia,2020-W44,-9.972170686456401
Virginia,2020-W45,-9.063670411985019
Virginia,2020-W46,-11.927509293680297
Virginia,2020-W47,-12.303538175046555
Virginia,2020-W48,-18.257407407407406
Virginia,2020-W49,-11.96660482374768
Virginia,2020-W50,-12.908582089552239
Virginia,2020-W51,-14.83457249070632
Virginia,2020-W52,-18.986792452830187
Virginia,2020-W53,-5.322033898305085
Washington,2020-W07,13.161764705882353
Washington,2020-W08,7.919831223628692
Washington,2020-W09,10.751054852320674
Washington,2020-W10,8.84873949579832
Washington,2020-W11,1.1506276150627615
Washington,2020-W12,-25.133333333333333
Washington,2020-W13,-42.891666666666666
Washington,2020-W14,-41.178423236514526
Washington,2020-W15,-37.70652173913044
Washington,2020-W16,-30.445652173913043
Washington,2020-W17,-30.16304347826087
Washington,2020-W18,-24.815217391304348
Washington,2020-W19,-18.820652173913043
Washington,2020-W20,-22.62
Washington,2020-W21,-17.245283018867923
Washington,2020-W22,-16.22641509433962
Washington,2020-W23,-9.327014218009479
Washington,2020-W24,-8.481132075471699
Washington,2020-W25,-2.8632075471698113
Washington,2020-W26,-2.141509433962264
Washington,2020-W27,-0.02857142857142857
Washington,2020-W28,-0.6509433962264151
Washington,2020-W29,-0.15311004784688995
Washington,2020-W30,-0.8086124401913876
Washington,2020-W31,-0.3175355450236967
Washington,2020-W32,0.2619047619047619
Washington,2020-W33,0.0861244019138756
Washington,2020-W34,-12.68421052631579
Washington,2020-W35,-11.884210526315789
Washington,2020-W36,-9.806451612903226
Washington,2020-W37,-10.880281690140846
Washington,2020-W38,-6.786729857819905
Washington,2020-W39,-7.726415094339623
Washington,2020-W40,-5.046948356807512
Washington,2020-W41,-8.131455399061032
Washington,2020-W42,-8.173708920187794
Washington,2020-W43,-9.88262910798122
Washington,2020-W44,-9.342723004694836
Washington,2020-W45,-12.608490566037736
Washington,2020-W46,-13.462264150943396
Washington,2020-W47,-21.79245283018868
Washington,2020-W48,-25.816901408450704
Washington,2020-W49,-18.89622641509434
Washington,2020-W50,-20.62857142857143
Washington,2020-W51,-17.760563380281692
Washington,2020-W52,-22.316037735849058
Washington,2020-W53,-12.867768595041323
West Virginia,2020-W07,6.552631578947368
West Virginia,2020-W08,4.881481481481481
West Virginia,2020-W09,10.861940298507463
West Virginia,2020-W10,14.466417910447761
West Virginia,2020-W11,9.472324723247233
West Virginia,2020-W12,-18.124542124542124
West Virginia,2020-W13,-37.0
West Virginia,2020-W14,-33.37269372693727
West Virginia,2020-W15,-42.87128712871287
West Virginia,2020-W16,-35.21153846153846
West Virginia,2020-W17,-32.970873786407765
West Virginia,2020-W18,-23.81188118811881
West Virginia,2020-W19,-19.4
West Virginia,2020-W20,-14.806722689075631
West Virginia,2020-W21,-8.351145038167939
West Virginia,2020-W22,-2.976923076923077
West Virginia,2020-W23,1.853846153846154
West Virginia,2020-W24,1.1307692307692307
West Virginia,2020-W25,0.45384615384615384
West Virginia,2020-W26,0.20454545454545456
West Virginia,2020-W27,1.894736842105263
West Virginia,2020-W28,-2.1954887218045114
West Virginia,2020-W29,-3.8496240601503757
West Virginia,2020-W30,-5.2384615384615385
West Virginia,2020-W31,-3.404580152671756
West Virginia,2020-W32,-3.213740458015267
West Virginia,2020-W33,-5.412213740458015
West Virginia,2020-W34,-12.147058823529411
West Virginia,2020-W35,-12.147058823529411
West Virginia,2020-W36,-9.545454545454545
West Virginia,2020-W37,-9.115384615384615
West Virginia,2020-W38,-3.5294117647058822
West Virginia,2020-W39,-5.051851851851852
West Virginia,2020-W40,-3.7925925925925927
West Virginia,2020-W41,-6.153284671532846
West Virginia,2020-W42,-7.217391304347826
West Virginia,2020-W43,-8.246376811594203
West Virginia,2020-W44,-8.318840579710145
West Virginia,2020-W45,-7.841726618705036
West Virginia,2020-W46,-11.37410071942446
West Virginia,2020-W47,-12.576642335766424
West Virginia,2020-W48,-22.985915492957748
West Virginia,2020-W49,-14.395522388059701
West Virginia,2020-W50,-13.18978102189781
West Virginia,2020-W51,-15.135714285714286
West Virginia,2020-W52,-21.333333333333332
West Virginia,2020-W53,-5.128571428571429
Wisconsin,2020-W07,12.683823529411764
Wisconsin,2020-W08,4.98744769874477
Wisconsin,2020-W09,7.64375
Wisconsin,2020-W10,9.045833333333333
Wisconsin,2020-W11,3.8385093167701863
Wisconsin,2020-W12,-32.68041237113402
Wisconsin,2020-W13,-49.05625
Wisconsin,2020-W14,-45.16460905349794
Wisconsin,2020-W15,-47.731617647058826
Wisconsin,2020-W16,-38.54909090909091
Wisconsin,2020-W17,-34.832116788321166
Wisconsin,2020-W18,-28.959558823529413
Wisconsin,2020-W19,-26.68014705882353
Wisconsin,2020-W20,-21.816326530612244
Wisconsin,2020-W21,-6.911764705882353
Wisconsin,2020-W22,-2.267741935483871
Wisconsin,2020-W23,3.2508038585209005
Wisconsin,2020-W24,5.208201892744479
Wisconsin,2020-W25,8.031645569620252
Wisconsin,2020-W26,7.150470219435737
Wisconsin,2020-W27,11.676282051282051
Wisconsin,2020-W28,8.754777070063694
Wisconsin,2020-W29,6.525
Wisconsin,2020-W30,5.697160883280757
Wisconsin,2020-W31,6.841614906832298
Wisconsin,2020-W32,5.827586206896552
Wisconsin,2020-W33,5.4031746031746035
Wisconsin,2020-W34,-7.836206896551724
Wisconsin,2020-W35,-8.663793103448276
Wisconsin,2020-W36,-7.666666666666667
Wisconsin,2020-W37,-4.96039603960396
Wisconsin,2020-W38,1.0900621118012421
Wisconsin,2020-W39,-2.0773993808049536
Wisconsin,2020-W40,-4.539184952978056
Wisconsin,2020-W41,-4.165109034267913
Wisconsin,2020-W42,-8.984615384615385
Wisconsin,2020-W43,-13.562111801242237
Wisconsin,2020-W44,-12.476780185758514
Wisconsin,2020-W45,-11.664634146341463
Wisconsin,2020-W46,-17.98738170347003
Wisconsin,2020-W47,-16.747634069400632
Wisconsin,2020-W48,-20.114285714285714
Wisconsin,2020-W49,-12.718354430379748
Wisconsin,2020-W50,-14.405572755417957
Wisconsin,2020-W51,-10.165605095541402
Wisconsin,2020-W52,-19.563517915309447
Wisconsin,2020-W53,-3.310344827586207
Wyoming,2020-W07,2.3142857142857145
Wyoming,2020-W08,3.514925373134328
Wyoming,2020-W09,5.616541353383458
Wyoming,2020-W10,9.181818181818182
Wyoming,2020-W11,2.0223880597014925
Wyoming,2020-W12,-24.095588235294116
Wyoming,2020-W13,-38.088235294117645
Wyoming,2020-W14,-38.97810218978102
Wyoming,2020-W15,-38.07017543859649
Wyoming,2020-W16,-34.56140350877193
Wyoming,2020-W17,-27.210526315789473
Wyoming,2020-W18,-20.946428571428573
Wyoming,2020-W19,-17.072727272727274
Wyoming,2020-W20,-11.78125
Wyoming,2020-W21,-3.2266666666666666
Wyoming,2020-W22,-0.9605263157894737
Wyoming,2020-W23,4.684210526315789
Wyoming,2020-W24,8.506493506493506
Wyoming,2020-W25,13.026315789473685
Wyoming,2020-W26,14.857142857142858
Wyoming,2020-W27,21.233766233766232
Wyoming,2020-W28,21.2987012987013
Wyoming,2020-W29,20.064935064935064
Wyoming,2020-W30,19.5
Wyoming,2020-W31,19.58974358974359
Wyoming,2020-W32,21.128205128205128
Wyoming,2020-W33,20.386666666666667
Wyoming,2020-W34,2.4375
Wyoming,2020-W35,-0.625
Wyoming,2020-W36,0.8125
Wyoming,2020-W37,5.65
Wyoming,2020-W38,9.818181818181818
Wyoming,2020-W39,4.910256410256411
Wyoming,2020-W40,3.8333333333333335
Wyoming,2020-W41,-0.34615384615384615
Wyoming,2020-W42,-5.012820512820513
Wyoming,2020-W43,-13.012987012987013
Wyoming,2020-W44,-10.194805194805195
Wyoming,2020-W45,-13.584415584415584
Wyoming,2020-W46,-20.12987012987013
Wyoming,2020-W47,-18.337662337662337
Wyoming,2020-W48,-24.28
Wyoming,2020-W49,-15.922077922077921
Wyoming,2020-W50,-17.55263157894737
Wyoming,2020-W51,-13.181818181818182
Wyoming,2020-W52,-20.986842105263158
Wyoming,2020-W53,-7.4186046511627906
